0.0,0.141,-0.265,-3.902,-1.898,-1.541,-0.755,-2.022,-4.223,-6.087,-5.434,-5.136,-10.512,-17.752,-20.313,-18.757,-15.5,-14.778,-16.889,-23.327,-34.049,-29.801,-23.727,-22.455,-21.53,-21.234,-21.838,-20.263,-19.23,-19.129,-16.026,-16.272,-18.764,-18.891,-17.953,-16.81,-16.155,-17.939,-15.458,-11.117,-13.007,-6.11,-10.601,-15.042,-14.867,-13.697,-10.481,-7.613,-7.169,5.994,13.781,18.038,17.478,15.391,14.707,14.65,12.728,15.686,12.474,10.806
0.0,0.031,1.393,2.33,3.343,3.375,3.93,4.58,4.958,4.553,3.73,4.36,4.61,4.334,4.061,8.068,5.399,0.476,-0.474,-6.648,-9.192,-13.188,-14.768,-10.953,-4.48,-2.303,-4.675,-5.487,-7.774,-7.661,-6.521,-6.749,-13.334,-20.106,-17.434,-18.316,-21.453,-25.272,-25.279,-25.616,-24.088,-20.12,-20.605,-23.892,-29.03,-30.28,-29.217,-26.482,-24.974,-24.67,-25.491,-28.6,-28.913,-31.768,-31.293,-32.374,-29.93,-31.429,-32.571,-31.067
0.0,1.678,0.763,2.98,3.948,6.839,5.644,6.285,6.261,9.392,9.451,8.685,8.797,6.517,5.3,5.651,7.228,7.263,6.484,6.257,7.08,8.43,9.227,6.341,5.334,4.067,3.688,5.645,8.168,6.252,4.721,5.849,5.141,6.706,7.81,8.116,11.183,7.361,3.787,4.794,3.497,4.36,5.341,7.828,5.216,3.864,5.575,3.374,3.776,4.14,3.275,2.129,0.89,0.697,1.164,-0.304,-0.858,0.383,-1.673,0.718
0.0,2.28,-0.189,-1.307,1.291,-1.407,-1.262,0.438,2.232,6.549,5.256,4.405,7.578,9.424,10.454,16.131,16.519,8.859,8.584,10.089,10.731,13.52,11.434,13.92,12.372,15.014,14.059,13.596,15.145,13.141,16.053,18.12,17.56,20.98,21.027,20.206,20.193,23.714,24.485,18.576,18.795,18.072,20.087,26.29,23.088,20.148,20.164,19.997,21.25,21.76,21.897,21.259,17.652,16.821,14.522,20.203,18.017,13.316,13.212,15.054
0.0,0.0,0.0,0.0,0.0,0.0,0.0,0.0,0.0,0.0,0.0,0.0,15.018,13.607,17.905,20.289,13.931,0.0,9.423,11.303,0.0,22.226,22.657,29.959,34.702,33.868,36.103,41.033,44.009,48.958,47.026,46.866,50.696,51.233,60.204,58.587,58.763,55.874,57.515,60.932,59.264,62.441,59.498,51.717,53.655,45.238,45.677,44.079,45.697,51.374,50.353,54.889,58.216,58.868,56.77,52.554,54.839,51.55,54.72,56.743
0.0,-0.621,1.188,-0.014,2.38,4.19,-1.397,-9.905,-6.378,-6.381,-5.502,-5.159,-4.503,-3.654,-5.287,-15.155,-16.251,-16.445,-15.194,-15.027,-15.749,-17.216,-13.792,-9.114,-9.831,-8.825,-9.422,-8.348,-7.684,-8.846,-6.531,-3.009,-0.523,-0.768,-5.75,-3.56,-2.442,1.27,3.941,-0.705,-1.453,1.62,0.49,-0.946,0.318,0.926,-0.868,-1.651,-2.896,-1.827,-2.866,-2.578,-1.287,0.54,0.306,2.068,1.449,3.027,3.605,2.916
0.0,-0.216,-1.538,-0.89,-2.057,-2.119,0.424,2.533,2.351,0.332,1.292,3.719,4.636,5.79,6.344,7.653,7.399,11.015,15.626,19.485,22.205,30.19,29.221,26.68,27.356,28.542,29.687,29.053,29.747,28.131,27.961,37.582,30.924,31.543,28.263,25.282,27.58,28.975,31.638,30.181,29.418,32.288,33.031,35.907,44.402,52.155,53.564,54.656,56.39,55.721,54.361,53.132,50.472,52.671,54.828,63.286,68.119,67.09,73.539,71.173
0.0,-1.555,-1.151,-1.944,-1.215,0.333,1.289,2.205,2.096,3.85,4.645,5.9,7.289,10.826,13.007,17.411,17.825,18.559,20.572,27.886,37.808,45.263,47.788,48.325,49.145,51.491,52.087,51.861,53.686,54.27,55.905,56.035,56.283,56.899,57.964,57.6,59.935,61.396,61.729,61.941,61.325,62.328,64.08,63.502,63.543,65.076,64.387,65.522,66.143,68.181,66.898,64.306,63.6,61.948,61.875,62.184,61.577,59.964,60.031,58.837
0.0,-2.342,-3.881,-4.534,-4.644,-3.784,-3.963,-7.693,-4.571,-0.179,11.222,20.87,25.523,23.347,22.757,23.137,24.627,23.828,26.219,26.733,36.323,38.422,39.007,36.457,38.399,41.446,43.871,45.545,46.3,46.139,47.26,46.821,44.075,43.643,42.564,49.439,46.706,49.332,50.696,51.167,50.746,53.153,53.653,57.78,65.383,65.195,63.951,69.498,69.42,70.487,68.8,70.997,72.859,73.187,78.803,79.321,81.958,83.041,82.212,81.292
0.0,0.202,-1.186,0.382,3.925,1.426,-1.453,-5.138,-9.829,-12.654,-16.919,-17.946,-18.74,-16.738,-19.638,-22.282,-24.477,-23.238,-22.474,-22.704,-26.196,-25.76,-25.592,-24.447,-23.914,-25.732,-26.946,-22.302,-17.248,-3.047,0.525,-1.009,-1.94,-5.1,-6.671,-3.644,-4.277,-2.982,-5.078,-9.669,-12.402,-8.319,-6.736,-7.525,-9.368,-11.319,-12.016,-13.751,-14.766,-14.71,-14.71,-14.737,-15.459,-15.847,-16.274,-13.75,-10.884,-11.18,-12.753,-13.118
0.0,-2.24,-2.812,-1.569,6.99,8.681,8.553,7.289,7.617,4.423,3.234,1.854,-0.656,-0.006,0.179,-1.477,-2.534,-3.81,-3.64,-0.897,-0.789,-4.232,-2.68,-2.24,-3.125,-0.949,1.124,1.045,3.231,1.326,3.616,4.53,5.158,8.03,10.025,13.051,16.335,17.899,18.025,18.271,17.96,20.616,22.941,22.775,22.789,22.475,23.925,24.212,26.878,28.609,30.075,31.374,31.368,33.271,32.056,30.859,29.183,28.829,29.812,32.005
0.0,-2.368,-6.397,-3.594,-3.502,-9.298,-17.149,-15.486,-13.507,-14.914,-15.788,-17.624,-2.382,-4.592,-5.208,-3.483,-3.843,-1.039,0.019,-1.133,2.688,6.086,14.208,16.511,17.081,18.589,22.977,16.997,19.136,20.441,19.037,24.075,20.726,10.247,2.141,5.592,0.352,-4.591,-11.83,-18.324,-20.769,-25.42,-23.392,-25.607,-26.995,-25.749,-29.346,-33.851,-33.123,-30.17,-30.264,-29.293,-29.33,-26.009,-25.978,-25.952,-25.782,-23.751,-23.553,-25.255
0.0,-0.654,-1.154,-2.945,-2.17,-3.937,-4.408,-2.519,-1.121,1.4,1.496,2.361,5.044,0.367,-2.942,-2.599,-2.042,-2.28,-4.293,-5.09,-4.756,-3.515,-5.245,-6.076,-5.323,-2.135,-3.576,-5.492,-8.006,-7.77,-9.078,-10.699,-11.368,-11.267,-7.745,-6.918,-4.751,-3.558,-4.36,-7.077,-6.797,-4.202,-7.288,-9.474,-10.726,-9.217,-10.388,-8.977,-8.961,-6.64,-9.296,-8.617,-10.223,-9.334,-10.273,-10.835,-11.41,-15.601,-15.777,-16.239
0.0,0.037,2.297,1.526,0.822,-1.067,-2.852,-2.981,-3.032,-7.83,-7.066,-6.546,-5.678,-5.816,-7.381,-11.374,-14.126,-14.761,-16.688,-16.48,-15.957,-11.611,-11.621,-10.953,-6.773,-0.955,4.119,5.14,3.896,2.635,5.888,2.814,-0.36,-0.985,-1.437,-0.243,9.791,12.143,13.522,15.695,17.047,16.711,17.527,22.136,26.442,29.288,29.894,39.82,35.174,33.838,35.358,35.538,36.604,36.946,40.266,44.344,48.887,53.545,53.717,54.048
0.0,4.367,9.158,13.944,11.99,8.161,3.304,6.987,6.185,7.477,1.915,5.232,6.96,8.526,7.887,8.266,8.356,8.385,10.796,4.584,3.313,1.695,4.124,3.084,8.236,9.161,8.885,7.044,6.639,8.428,10.212,8.991,8.115,11.734,13.012,11.267,14.245,15.349,17.368,17.098,16.173,11.188,7.695,5.633,2.163,-5.886,-9.059,-10.632,-15.422,-19.872,-21.71,-24.318,-23.471,-23.217,-23.784,-23.63,-22.845,-23.038,-21.638,-21.038
0.0,-2.11,-4.155,-10.376,-8.382,-7.441,-4.836,-6.916,-9.512,-10.682,-9.767,-10.452,-14.173,-17.2,-27.017,-30.98,-31.835,-35.668,-36.131,-34.475,-34.8,-34.121,-33.513,-32.563,-31.855,-32.167,-33.199,-31.929,-33.863,-36.482,-37.435,-38.782,-40.906,-42.869,-43.171,-44.198,-45.154,-46.69,-46.839,-47.647,-49.849,-50.649,-47.967,-47.693,-47.658,-41.1,-41.897,-41.255,-37.198,-32.852,-28.342,-32.371,-31.508,-30.171,-30.558,-28.732,-28.128,-25.175,-20.26,-16.92
0.0,-1.013,-0.252,-1.792,-3.241,-0.851,0.429,0.457,0.086,-1.24,-3.155,-9.061,-16.693,-13.016,-10.892,-11.794,-13.125,-16.898,-14.545,-16.13,-18.885,-18.733,-18.767,-16.456,-27.627,-28.082,-30.342,-32.251,-35.495,-37.088,-38.747,-38.856,-35.934,-33.438,-31.111,-33.247,-32.824,-34.001,-34.827,-35.202,-38.468,-39.491,-40.788,-39.994,-38.555,-39.101,-38.063,-39.37,-38.94,-39.68,-40.463,-42.854,-42.046,-40.733,-40.852,-38.417,-37.113,-36.764,-39.714,-41.626
0.0,-7.021,-7.41,-10.331,-14.218,-16.032,-14.364,-15.735,-15.288,-13.856,-18.364,-24.19,-24.636,-31.835,-32.038,-32.51,-37.177,-40.14,-40.314,-39.06,-37.556,-43.69,-42.758,-51.708,-47.255,-47.278,-49.089,-49.535,-50.933,-51.596,-52.778,-52.029,-48.181,-45.478,-46.203,-50.082,-50.827,-50.344,-51.603,-51.176,-48.775,-45.72,-48.437,-53.098,-57.166,-57.049,-57.379,-54.236,-56.972,-58.113,-58.081,-60.881,-61.461,-64.708,-65.949,-69.757,-69.436,-68.38,-68.24,-72.14
0.0,1.365,4.597,2.268,-5.753,-8.683,-10.575,-16.068,-19.31,-18.994,-18.468,-17.069,-17.947,-19.059,-20.124,-24.121,-29.427,-31.045,-32.424,-31.437,-31.966,-31.708,-35.381,-41.232,-43.301,-42.638,-44.633,-44.752,-46.973,-47.377,-44.965,-49.806,-49.824,-50.554,-53.202,-53.292,-53.005,-54.2,-61.143,-61.44,-60.883,-59.775,-57.691,-55.26,-53.667,-54.08,-52.229,-53.979,-61.194,-63.95,-71.258,-74.053,-75.717,-82.981,-77.548,-75.057,-73.072,-74.418,-75.216,-77.185
0.0,0.741,2.295,3.304,-0.916,-2.003,-1.08,-1.005,-17.491,-15.263,-10.63,-6.58,-2.39,9.168,9.788,13.895,16.185,13.388,10.332,13.124,17.28,17.775,15.371,17.327,19.738,19.571,19.938,23.891,23.9,22.751,21.402,21.554,15.177,15.669,21.494,20.17,19.856,16.838,19.596,21.632,24.063,27.264,29.738,30.153,31.469,33.268,34.283,33.913,31.868,35.315,31.562,30.518,30.235,34.606,38.565,46.615,40.882,46.339,47.148,47.148
0.0,-0.625,-1.322,-1.058,-0.071,0.851,-3.714,-5.23,-3.63,-4.981,-7.703,-6.832,-8.261,-6.06,-5.334,-5.708,-6.621,-6.926,-8.559,-10.773,-12.586,-13.794,-17.331,-18.781,-23.263,-25.427,-24.338,-22.957,-22.167,-24.73,-26.653,-29.518,-30.59,-32.372,-32.582,-32.702,-34.258,-36.552,-39.72,-42.994,-50.247,-49.436,-50.38,-48.733,-47.307,-48.577,-48.557,-49.089,-51.059,-51.19,-53.186,-52.705,-52.527,-53.176,-54.135,-55.293,-59.107,-60.538,-63.474,-63.137
0.0,0.514,-0.271,1.252,2.562,4.377,6.843,9.227,8.441,8.119,6.428,6.324,6.422,6.813,7.415,7.666,5.122,5.495,6.217,6.528,6.513,5.229,4.556,5.312,6.714,6.637,6.355,6.651,13.111,17.904,19.847,21.129,20.202,20.597,20.407,22.535,24.911,24.481,22.467,22.661,26.224,26.565,29.39,32.704,32.329,34.226,36.948,33.888,35.296,32.484,35.878,34.601,33.401,33.488,35.93,35.422,34.66,36.727,37.682,39.488
0.0,-3.417,4.251,2.643,0.945,-3.331,-0.972,-10.524,-20.231,-18.781,-15.533,-13.562,-14.213,-11.416,-8.258,-7.248,-10.477,-11.32,-10.834,-8.861,-9.953,-13.415,-16.003,-19.586,-20.387,-18.722,-20.056,-19.783,-20.365,-23.325,-25.489,-26.453,-27.464,-29.782,-31.684,-33.076,-35.78,-34.61,-41.441,-32.715,-27.973,-29.048,-32.774,-36.583,-33.874,-36.236,-34.544,-36.103,-34.479,-34.771,-35.858,-38.501,-39.451,-35.393,-33.16,-29.422,-27.457,-27.864,-27.097,-25.302
0.0,-1.558,-3.868,-5.073,-2.568,-1.473,-3.129,-5.01,-3.083,-6.825,-12.121,-6.213,-7.607,-9.408,-7.975,-11.527,-8.975,-13.269,-14.056,-19.999,-33.35,-39.041,-45.732,-54.766,-62.335,-72.274,-75.7,-74.936,-76.656,-77.343,-76.149,-77.457,-77.364,-75.28,-74.164,-75.46,-77.071,-76.126,-75.989,-73.21,-71.372,-69.443,-68.939,-70.298,-70.176,-67.908,-67.023,-66.948,-63.434,-61.898,-59.192,-60.145,-57.17,-55.392,-53.239,-52.468,-51.537,-49.945,-49.661,-48.622
0.0,-4.589,-6.495,-8.317,-9.329,-10.78,-12.765,-17.002,-11.549,-8.898,-9.642,-6.317,-6.162,-7.97,-7.472,-4.846,-4.46,-2.963,5.456,20.639,28.074,26.98,24.95,22.642,22.893,23.767,24.708,24.949,25.429,32.438,37.23,40.68,41.981,40.9,39.808,37.845,37.995,33.313,30.614,31.514,30.72,33.192,38.94,44.814,46.325,49.537,51.525,52.835,52.068,51.678,51.465,49.891,52.404,51.063,53.435,52.135,50.121,49.813,52.562,51.011
0.0,4.022,10.907,16.935,14.629,10.327,9.922,14.282,14.483,20.497,26.866,39.233,42.02,36.886,31.493,32.027,34.193,34.87,36.486,37.187,35.29,33.033,33.497,33.843,34.625,36.193,34.266,29.043,22.152,17.666,14.758,12.921,11.933,12.368,11.22,8.084,7.294,7.766,8.674,-0.25,-3.105,-10.084,-8.309,-4.075,-3.769,-4.057,-6.496,-9.199,-12.244,-13.42,-13.295,-11.665,-9.614,-10.777,-9.618,-9.321,-8.327,-8.423,-6.103,-6.414
0.0,-0.792,-1.813,-0.12,-0.145,-1.509,3.459,2.081,0.418,-1.694,-3.528,-2.743,-3.755,-3.537,-2.337,-2.875,-4.755,-3.616,-0.919,-2.512,-4.958,-4.227,-6.206,-8.486,-6.405,-6.443,-1.955,-0.802,-0.157,-0.449,-1.272,0.997,-2.066,-3.96,-2.941,-1.825,-3.138,-2.211,-1.13,0.022,1.527,1.95,-0.388,-0.383,-1.968,-1.599,-2.516,-3.289,-2.723,-0.467,1.09,1.984,1.785,2.916,2.145,1.888,1.117,0.544,0.633,1.788
0.0,-7.15,-6.859,-6.574,-8.295,-11.725,-13.493,-19.01,-19.971,-18.029,-16.951,-21.69,-23.865,-22.281,-23.19,-25.531,-25.587,-30.913,-34.717,-38.234,-50.318,-54.933,-53.638,-52.345,-51.25,-52.625,-56.005,-60.515,-59.318,-59.933,-58.921,-58.027,-57.588,-58.831,-59.918,-61.422,-59.66,-57.756,-59.229,-61.957,-63.075,-62.896,-63.936,-63.951,-61.098,-61.391,-61.526,-62.301,-62.927,-61.828,-59.518,-57.648,-56.466,-57.758,-53.967,-50.226,-45.098,-45.338,-46.185,-47.43
0.0,1.588,-0.649,-0.302,-1.635,2.234,2.927,3.419,9.596,11.548,12.157,10.522,9.422,8.578,12.342,16.99,13.602,16.049,15.156,15.933,16.44,16.669,16.9,15.994,14.629,13.712,12.5,12.809,13.614,15.263,18.045,17.64,18.265,16.948,16.747,18.183,19.156,17.419,15.433,15.187,15.192,15.064,18.164,18.14,20.937,20.244,19.265,15.518,13.555,12.997,13.109,14.664,16.952,16.177,15.745,15.415,15.611,15.885,17.351,17.53
0.0,2.982,4.092,2.53,3.479,6.529,11.937,12.904,12.733,12.711,14.483,15.449,19.908,18.901,18.724,19.594,23.724,26.788,30.026,36.528,38.721,35.384,36.319,38.329,41.486,40.802,40.497,40.654,42.613,44.085,45.467,45.401,44.922,46.544,47.475,49.419,51.358,54.067,54.903,58.491,58.343,56.905,56.672,58.392,62.313,60.433,58.042,57.525,59.067,61.867,61.448,55.632,54.265,53.264,52.876,49.17,47.616,50.842,51.573,50.48
0.0,-1.26,-5.262,-7.317,-4.64,-4.245,-0.325,2.36,7.551,6.729,6.92,7.681,8.44,10.053,9.455,8.953,9.125,7.053,5.997,7.425,9.716,15.262,14.545,15.367,14.86,13.485,15.599,18.832,17.437,16.568,16.71,23.117,23.973,30.498,31.901,33.739,34.168,33.306,33.936,36.794,38.913,41.325,40.4,44.695,46.541,38.153,35.421,36.206,38.839,38.853,38.193,37.576,35.217,33.983,34.168,33.781,33.515,33.536,33.074,34.138
0.0,4.403,6.894,12.306,8.056,12.937,17.444,19.275,21.32,20.268,23.39,29.62,29.039,33.966,44.924,53.011,56.543,55.275,57.455,61.63,67.307,68.807,71.367,79.934,81.233,80.889,84.924,93.331,97.046,96.913,96.623,96.81,100.334,100.665,102.672,101.988,102.489,104.146,104.17,106.881,108.7,113.552,112.704,113.169,114.339,115.286,116.544,117.93,118.316,119.655,117.234,114.967,113.616,109.175,107.944,105.091,105.828,101.613,100.47,101.27
0.0,3.604,8.048,6.393,7.901,7.679,7.443,9.795,9.993,8.471,9.982,11.892,14.801,14.12,15.479,16.365,13.745,13.385,10.028,10.759,9.822,10.628,10.507,11.5,11.68,11.401,11.346,9.416,2.444,-8.139,-13.847,-10.207,-5.174,-2.506,0.55,1.515,7.637,10.682,8.645,6.246,6.888,8.397,7.406,7.142,4.935,4.424,5.665,6.84,6.469,5.403,4.29,3.228,2.62,4.355,3.748,4.921,3.266,3.572,2.652,2.019
0.0,-0.285,3.068,5.842,4.948,5.928,6.251,6.759,7.707,6.614,5.28,4.471,5.861,7.051,6.462,6.244,7.293,7.341,4.712,4.785,3.149,3.353,4.144,6.21,7.177,8.199,8.19,6.939,6.953,8.047,7.821,-0.957,-2.037,-0.214,-0.311,-0.447,-0.175,0.416,1.193,2.874,3.764,2.426,1.991,0.973,-0.279,-0.254,0.608,1.316,1.347,1.763,0.443,1.273,3.316,2.689,0.161,-1.871,-2.439,-2.992,-1.933,-2.524
0.0,-1.674,-2.423,0.244,-2.285,-4.334,-4.724,-7.557,-5.417,-11.154,-13.993,-16.228,-18.88,-22.968,-31.41,-35.815,-37.767,-44.787,-46.114,-50.28,-51.418,-50.39,-49.339,-52.048,-54.719,-55.519,-51.053,-51.8,-50.274,-53.148,-51.777,-52.13,-50.847,-50.409,-48.545,-48.885,-49.525,-49.692,-49.388,-51.196,-50.539,-51.462,-52.484,-52.923,-52.566,-54.897,-54.36,-55.409,-57.252,-61.277,-69.722,-74.346,-78.506,-82.697,-84.82,-89.429,-92.855,-94.7,-96.426,-95.479
0.0,0.89,3.075,6.485,7.995,9.034,10.736,12.727,14.179,13.5,11.068,10.652,10.692,11.043,13.36,14.574,14.095,13.295,13.777,12.783,12.115,12.121,12.941,12.803,11.352,11.422,11.808,10.97,10.501,10.75,9.441,8.991,8.186,7.468,6.808,7.092,5.578,5.15,5.606,5.561,5.986,6.34,6.299,5.167,4.169,4.672,4.574,4.689,4.178,2.57,0.809,-0.947,-2.954,-3.603,-3.297,-2.423,-2.287,-3.579,-4.648,-5.397
0.0,4.098,7.493,9.966,11.454,9.702,11.785,11.656,13.699,14.999,14.962,16.198,16.863,12.824,12.266,10.985,10.838,9.894,9.759,9.942,7.679,0.486,-0.717,-1.194,-4.213,-5.182,-5.676,-6.35,-9.927,-10.967,-14.423,-15.102,-17.327,-14.026,-14.547,-15.37,-15.219,-14.873,-13.096,-12.187,-12.236,-12.112,-10.093,-9.491,-11.709,-14.411,-13.726,-14.974,-13.214,-10.054,-10.035,-8.524,-7.656,-8.74,-8.697,-9.077,-9.204,-9.22,-8.818,-6.419
0.0,-0.919,-1.076,0.341,1.762,1.414,3.151,8.848,6.74,6.941,12.816,14.685,13.061,11.297,9.396,9.102,10.731,11.11,11.35,14.068,12.45,15.944,15.881,15.851,19.791,29.04,32.421,38.527,41.517,46.948,44.965,48.538,49.692,51.677,60.149,62.8,61.806,61.528,65.401,65.809,70.972,77.443,86.112,92.281,95.283,102.722,118.331,123.456,120.58,117.765,112.779,109.251,98.146,100.923,103.134,103.154,107.218,101.206,95.162,98.118
0.0,1.141,4.896,1.745,-0.444,-5.929,-10.083,-11.641,-9.808,-9.087,-7.373,-5.317,-7.12,-6.352,-6.594,-8.845,-7.61,-8.168,-10.004,-12.876,-17.433,-16.761,-19.552,-21.093,-22.984,-23.285,-22.818,-27.484,-28.473,-28.585,-31.726,-30.78,-30.317,-31.171,-31.657,-32.951,-32.224,-31.543,-28.385,-26.696,-18.685,-12.291,-10.537,-10.454,-9.252,-8.1,-8.138,-7.023,-5.265,-4.605,-5.334,-9.04,-11.363,-11.394,-12.686,-16.004,-20.037,-28.871,-33.133,-38.202
0.0,2.734,6.638,13.874,14.467,14.295,15.02,15.661,18.382,21.905,24.565,26.292,31.258,34.167,38.556,38.876,41.085,43.559,44.026,44.062,46.872,46.703,51.467,51.919,51.83,53.431,55.337,56.356,62.406,58.49,61.137,62.338,64.656,72.41,74.1,74.811,75.468,77.26,78.779,79.362,80.951,83.324,87.623,99.539,103.287,108.127,109.718,110.832,112.689,116.321,118.026,118.661,121.532,122.944,124.643,125.413,128.129,130.352,132.02,135.881
0.0,0.705,1.011,4.166,6.935,8.794,13.738,16.432,17.732,17.456,20.194,21.535,21.185,21.303,21.126,20.887,22.715,25.2,26.166,26.221,26.495,25.828,27.494,25.977,26.423,25.522,24.805,20.72,22.324,23.629,24.339,22.738,19.913,18.71,17.21,15.459,13.211,7.579,4.655,3.349,2.88,0.06,-3.7,-7.733,-10.225,-13.576,-16.879,-19.858,-18.993,-23.532,-23.195,-25.466,-25.411,-27.505,-27.341,-28.082,-28.576,-26.131,-27.764,-27.659
0.0,10.896,13.299,13.842,19.943,15.158,15.438,18.144,19.305,11.359,15.217,17.096,21.814,17.152,19.059,20.716,21.847,19.511,17.286,16.961,17.098,17.11,16.456,17.82,16.584,16.981,14.738,14.952,15.595,17.466,25.804,23.01,23.766,23.946,22.339,20.908,20.705,19.706,19.997,22.973,23.642,23.854,23.394,21.977,21.411,20.442,18.999,21.136,21.878,18.59,17.86,20.007,18.871,18.217,18.577,22.526,21.002,18.514,15.949,18.042
0.0,3.467,1.768,1.32,-1.397,0.293,-0.107,-2.772,-1.683,1.552,1.857,2.473,2.28,1.286,0.193,0.575,-0.385,-0.62,-3.263,-4.38,-3.963,-3.437,-2.713,-3.038,-2.412,-3.226,-3.02,-3.768,-4.019,-3.227,-4.171,-6.256,-7.408,-9.345,-9.182,-17.208,-14.458,-15.842,-15.89,-15.368,-13.635,-13.032,-12.747,-13.372,-12.645,-13.752,-17.017,-15.795,-15.99,-16.008,-16.718,-15.973,-17.319,-16.584,-18.444,-18.284,-18.686,-19.717,-19.401,-18.749
0.0,-4.089,-6.718,-2.706,-0.175,0.564,14.12,14.12,14.12,14.12,14.12,14.12,14.12,14.12,3.213,-5.17,-6.954,-14.172,-25.249,-24.896,-27.495,-32.754,-36.23,-36.617,-32.545,-30.715,-17.298,-13.321,-19.019,-22.763,-19.415,-20.967,-16.94,-15.572,-39.18,-45.692,-54.346,-62.257,-64.777,-64.117,-63.23,-57.83,-56.801,-59.376,-62.474,-62.171,-63.587,-63.058,-61.005,-62.719,-53.84,-55.379,-60.287,-62.218,-64.421,-60.421,-58.606,-58.246,-50.622,-47.226
0.0,0.0,2.941,6.617,12.498,12.498,14.704,10.293,11.028,13.233,11.763,11.028,10.293,13.969,15.439,16.0,17.477,15.26,15.13,13.795,13.669,14.704,15.567,15.882,17.536,19.115,20.585,19.85,19.711,24.996,23.526,22.791,20.56,16.02,17.861,18.739,19.303,19.113,19.412,20.931,22.609,22.552,21.474,19.337,19.347,19.346,18.804,12.987,12.612,11.428,10.445,10.817,11.085,11.972,12.378,13.436,14.951,16.486,20.189,22.428
0.0,1.338,4.05,5.649,7.753,7.1,4.762,3.471,2.445,2.361,2.927,2.801,2.537,1.231,-0.095,-1.092,-1.313,-1.718,-1.319,-0.586,-0.029,-0.17,0.366,-0.046,-0.69,-0.829,-1.495,-1.936,-1.898,-2.823,-2.983,-2.922,-3.813,-4.064,-4.369,-5.283,-5.65,-5.774,-6.081,-6.886,-7.397,-8.737,-8.37,-8.652,-8.642,-9.548,-10.764,-13.795,-15.038,-15.563,-15.88,-16.311,-16.859,-15.981,-14.926,-14.129,-14.224,-12.745,-13.139,-15.244
0.0,-9.958,-12.299,-17.909,-17.687,-17.883,-17.682,-20.955,-29.231,-22.473,-21.931,-15.211,-25.54,-21.921,-20.167,-20.693,-14.879,-11.189,-7.578,-6.201,-17.467,-17.822,-20.985,-17.069,-16.158,-17.03,-21.138,-25.084,-25.282,-22.652,-24.762,-24.438,-21.358,-21.891,-14.71,-13.305,-12.821,-12.56,-12.071,-13.08,-13.407,-9.281,-11.724,-8.772,-5.147,0.718,-4.023,-2.144,-5.769,-3.641,-0.597,-5.024,-7.985,-1.632,-6.01,-7.061,-4.288,0.192,8.643,13.245
0.0,-0.425,-2.732,-2.617,-8.281,-4.765,-2.373,-1.629,-0.056,-4.002,-3.342,0.843,3.877,3.381,4.494,6.997,8.143,6.408,5.364,3.057,3.907,3.088,5.355,6.238,4.425,7.409,16.768,24.034,26.206,32.898,32.063,25.551,23.247,19.236,17.408,16.002,15.167,12.177,10.988,9.246,8.525,4.219,3.987,5.467,7.076,-12.494,-25.757,-26.204,-27.915,-31.528,-36.443,-32.373,-33.915,-33.373,-31.369,-36.018,-34.589,-32.733,-38.698,-40.892
0.0,4.459,1.671,4.394,8.309,14.505,23.542,15.343,5.868,4.663,6.927,9.399,12.655,16.831,21.465,21.333,25.041,30.139,30.689,29.256,32.845,34.093,34.457,35.378,33.447,35.33,33.567,51.214,56.96,57.934,58.232,55.289,57.717,58.974,59.976,60.857,59.681,60.856,60.435,61.012,58.184,55.009,55.106,53.477,53.535,49.403,47.567,48.787,47.855,46.429,44.649,42.968,44.064,40.045,37.097,38.909,43.703,42.513,41.229,37.651
0.0,0.942,1.987,2.268,2.806,1.852,2.808,5.063,6.768,9.822,10.832,10.538,11.942,11.309,12.004,13.202,17.522,19.702,20.347,20.44,20.906,22.767,24.139,21.847,20.706,23.068,22.713,23.711,26.996,29.601,31.252,34.287,35.178,34.088,32.757,33.481,32.698,29.523,28.416,27.664,29.903,30.266,29.816,29.487,29.196,29.64,30.401,31.046,30.985,31.199,31.27,30.057,29.798,44.809,42.213,43.951,47.506,53.507,46.033,50.677
0.0,-0.023,2.097,2.96,2.33,1.888,2.667,3.641,-1.031,0.531,3.213,1.405,1.629,-1.472,-2.067,-8.225,-3.589,0.062,3.309,3.715,2.517,7.493,15.647,11.173,11.377,12.589,12.919,14.091,14.429,13.692,12.477,11.668,14.069,10.612,6.293,15.194,21.251,22.546,19.759,15.854,11.81,10.659,14.047,14.474,8.425,6.567,6.982,7.835,9.324,11.69,10.114,7.424,9.226,8.131,3.818,6.155,8.151,5.433,6.164,4.53
0.0,-7.339,-14.146,-16.379,-14.588,-14.462,-15.418,-17.037,-16.09,-17.033,-20.427,-30.522,-34.982,-37.838,-37.262,-36.486,-39.255,-38.602,-40.428,-42.806,-43.379,-44.084,-42.172,-36.763,-32.773,-32.659,-33.102,-33.616,-34.671,-30.269,-29.413,-27.367,-26.707,-18.397,-15.235,-12.444,-9.244,-7.349,-6.503,-6.783,0.404,9.425,11.264,8.377,8.915,9.866,13.488,12.423,15.232,16.207,15.238,13.751,12.255,13.562,13.965,13.041,10.267,8.495,5.699,5.554
0.0,-0.41,0.839,2.571,3.053,2.802,1.108,0.528,0.658,-0.765,-3.02,-4.045,-6.899,-6.011,-4.508,-4.437,-4.512,-2.41,-2.027,-1.708,-1.179,-0.338,0.708,1.673,3.054,1.755,0.993,2.416,4.012,5.064,6.584,6.692,7.694,7.89,9.063,6.611,6.101,4.424,3.233,1.56,0.748,-0.582,-0.124,-1.768,-2.374,-2.554,-2.549,-5.106,-7.634,-7.906,-7.463,-8.025,-6.587,-7.252,-6.304,-5.848,-3.802,-1.987,-1.543,-1.231
0.0,-0.679,0.426,1.525,2.342,1.547,1.435,2.572,1.208,-0.025,0.953,17.269,17.413,15.848,14.15,12.274,11.717,10.644,9.594,8.203,9.161,8.548,9.393,10.066,10.376,11.576,10.081,9.714,8.706,9.71,10.554,9.632,6.595,2.448,3.965,4.473,3.51,5.782,31.66,31.176,30.666,26.28,22.282,20.698,20.927,19.886,20.024,20.037,21.535,19.454,18.285,18.118,17.738,16.213,17.373,18.755,16.862,14.901,13.093,13.45
0.0,-0.811,0.507,0.327,1.045,2.724,4.577,6.593,10.31,9.852,9.078,7.326,6.448,4.782,1.218,1.779,2.468,1.475,0.496,12.53,9.423,11.458,12.391,13.065,12.625,11.971,9.002,6.109,10.547,12.176,16.06,20.532,23.894,28.014,31.325,35.012,32.685,30.275,29.213,27.663,24.114,22.626,19.914,29.775,22.531,18.246,16.545,16.156,15.271,17.965,21.21,19.759,18.865,21.0,22.239,22.254,23.685,30.084,37.321,46.449
0.0,0.799,1.214,2.863,2.791,3.476,3.336,4.333,4.135,1.449,5.634,12.187,12.444,7.575,3.345,0.682,-0.575,-3.99,-1.607,-0.595,-2.499,-3.53,-5.858,-5.333,-4.49,0.58,5.885,9.207,7.84,5.566,2.557,3.754,2.647,0.572,0.986,-1.789,-1.736,-2.611,-0.635,2.326,2.977,0.717,0.551,-0.691,-1.399,0.923,1.248,-0.732,-4.744,-7.742,-10.645,-9.832,-9.83,-12.684,-16.291,-21.699,-23.201,-23.782,-21.875,-23.038
0.0,-0.779,-5.169,-10.647,-7.245,-11.355,-8.245,-9.458,-13.459,-17.183,-19.789,-10.198,-9.848,-7.983,-8.986,-9.691,-7.41,-6.82,-10.364,-23.743,-22.397,-17.345,3.511,3.893,3.31,3.111,4.099,8.51,9.964,9.904,11.141,7.902,4.482,6.856,8.951,12.172,13.825,14.791,17.755,19.119,28.917,31.162,32.202,34.496,35.421,35.19,33.691,31.071,32.946,30.902,38.328,33.8,32.089,30.43,28.716,25.165,22.534,20.63,19.269,17.087
0.0,0.907,-6.391,-13.152,-10.556,-10.343,-11.79,-14.541,-30.46,-30.744,-27.789,-33.599,-38.061,-37.347,-39.942,-42.962,-43.645,-44.198,-43.859,-44.665,-44.802,-49.549,-50.562,-47.592,-44.4,-46.6,-46.369,-47.085,-44.146,-46.571,-47.851,-47.709,-50.248,-52.882,-53.88,-54.996,-55.717,-55.604,-55.808,-57.358,-61.504,-61.075,-62.862,-61.856,-58.241,-56.414,-55.15,-53.662,-54.081,-56.096,-56.93,-56.275,-56.553,-59.039,-64.071,-64.856,-63.263,-63.613,-63.511,-61.936
0.0,-1.635,-2.912,-2.379,-1.883,-0.479,0.304,-1.107,-1.903,-2.1,-2.533,-3.753,-4.673,-5.644,-5.615,-4.536,-4.16,-5.056,-5.948,-6.09,-5.62,-6.545,-7.585,-6.695,-6.158,-6.648,-7.634,-9.626,-10.234,-11.14,-11.356,-11.414,-12.29,-13.341,-15.482,-23.052,-24.968,-27.22,-28.498,-30.273,-34.237,-36.014,-40.831,-43.193,-43.891,-43.535,-45.286,-45.129,-47.362,-50.514,-48.469,-45.528,-45.16,-43.497,-45.561,-46.061,-45.717,-43.962,-43.273,-42.269
0.0,3.29,6.133,14.108,12.559,11.174,9.714,11.412,14.972,17.815,16.459,17.784,18.195,17.119,5.214,15.617,28.465,41.504,47.127,46.315,46.018,46.023,46.667,47.238,48.596,48.799,47.513,45.82,44.822,43.357,41.53,42.413,42.648,41.804,41.014,40.721,37.705,33.474,34.053,34.633,37.862,40.855,40.636,38.178,39.096,42.326,40.094,38.761,41.017,40.494,40.324,39.132,41.247,37.815,38.743,37.105,38.949,37.064,36.211,37.185
0.0,-1.35,-1.253,-2.621,-2.367,-3.101,-5.629,-3.543,-5.254,-7.498,-7.577,-10.987,-15.556,-15.267,-14.338,-10.687,-11.742,-14.245,-15.096,-15.982,-12.816,-14.055,-14.848,-20.748,-20.409,-25.708,-23.607,-21.822,-22.431,-20.699,-8.151,-9.845,-12.253,-12.605,-13.051,-14.076,-18.506,-17.994,-13.886,-7.406,2.343,6.537,5.46,9.899,21.026,20.172,23.304,26.015,28.389,30.269,30.108,30.668,39.585,42.554,49.045,37.217,34.301,30.833,32.814,32.464
0.0,3.886,7.206,7.659,11.692,12.277,13.948,14.426,11.054,6.393,4.842,4.608,5.388,4.668,9.05,10.536,7.356,8.077,9.258,7.405,8.085,9.754,10.641,13.574,7.475,0.97,-6.993,-12.405,-10.72,-10.708,-13.071,-14.436,-16.971,-20.626,-23.993,-24.622,-25.488,-28.861,-30.841,-33.992,-36.257,-41.272,-42.676,-42.634,-44.046,-42.781,-41.337,-38.91,-39.017,-40.188,-41.478,-37.384,-37.292,-32.812,-31.194,-30.942,-33.139,-32.952,-34.464,-34.111
0.0,-1.47,0.735,5.146,6.617,7.352,8.087,6.617,6.617,4.411,4.411,-2.941,-10.292,-13.233,-11.028,-11.763,-10.292,-8.822,-6.617,-5.146,-5.881,-5.881,-4.411,-5.881,-6.617,-3.676,-2.941,-2.941,-2.205,-4.411,-5.146,-4.411,-1.47,-0.735,-2.205,-2.205,-3.676,-5.146,-5.881,-5.881,-5.881,-6.617,-6.072,-6.617,-11.763,-8.822,-4.411,-7.352,-11.028,-11.028,-11.028,-9.557,-10.292,-11.763,-11.763,-10.292,-8.087,-9.557,-7.352,-7.352
0.0,1.323,0.737,3.951,11.466,15.952,21.716,25.628,26.265,26.943,30.29,29.778,29.575,31.715,32.078,31.383,30.272,31.458,30.082,28.726,28.068,28.006,28.081,31.739,33.78,32.71,32.463,30.734,28.858,29.219,30.628,27.266,26.983,23.923,26.18,25.52,26.704,28.342,29.939,30.643,31.197,37.482,30.346,30.321,29.158,24.845,24.056,31.358,31.358,29.153,19.595,38.71,43.856,40.18,43.856,46.062,45.327,47.532,50.473,50.473
0.0,-7.167,-9.918,-10.042,-13.837,-14.281,-9.401,-8.773,-12.291,-19.775,-22.95,-22.011,-22.462,-23.185,-25.173,-26.081,-23.495,-21.676,-25.42,-30.103,-27.457,-24.91,-31.379,-31.019,-34.138,-34.91,-35.609,-33.024,-31.167,-34.134,-33.357,-30.726,-25.085,-27.342,-30.794,-32.939,-29.081,-23.413,-20.189,-15.981,-14.404,-13.622,-16.607,-19.515,-18.689,-20.739,-20.291,-22.937,-25.067,-25.309,-23.641,-24.251,-28.25,-29.087,-28.393,-31.892,-33.346,-31.688,-34.25,-32.315
0.0,0.191,-1.593,-0.796,2.912,4.646,5.231,7.162,8.381,10.608,11.516,11.51,13.524,15.808,20.968,21.635,20.018,20.445,23.195,23.077,23.579,21.004,19.759,20.616,20.539,21.564,18.73,15.242,14.573,10.067,8.79,7.169,8.484,9.853,7.438,7.887,11.421,13.037,13.098,10.99,10.759,11.199,12.163,11.786,11.021,9.495,6.347,7.078,8.043,9.609,12.74,9.019,6.499,6.121,4.193,3.156,-0.415,-0.914,-1.187,-1.854
0.0,-1.699,-3.454,-3.754,-4.587,-4.812,-5.704,-5.862,-6.792,-8.235,-10.17,-11.798,-11.962,-12.149,-11.886,-12.662,-15.409,-15.82,-14.387,-18.918,-17.352,-17.691,-15.402,-15.565,-14.911,-15.501,-16.492,-18.49,-23.227,-24.372,-23.315,-22.676,-21.604,-20.675,-18.343,-18.026,-16.095,-13.433,-8.894,-7.03,-5.147,-3.131,-2.046,-2.16,-2.386,-3.479,-3.874,-2.226,-1.109,0.247,0.254,-0.018,-1.396,-2.514,-4.303,-5.896,-8.571,-11.654,-9.568,-9.595
0.0,2.206,3.676,8.087,6.617,6.617,5.146,5.146,4.411,2.941,3.676,2.941,2.83,4.865,5.882,8.611,8.316,8.954,9.033,7.952,7.345,7.317,6.145,9.422,9.59,10.838,18.058,20.476,27.727,28.669,32.666,36.296,37.5,37.393,38.639,40.248,39.768,40.599,40.282,39.386,38.404,41.051,43.136,43.103,43.329,43.217,44.196,45.612,45.639,45.698,46.21,46.668,51.335,53.939,55.641,57.795,58.812,58.386,57.999,59.632
0.0,0.0,0.0,0.0,0.0,0.0,0.0,0.0,0.0,0.0,0.0,-11.556,-14.113,-18.034,-18.072,-19.154,-21.154,-22.754,-26.016,-23.058,-26.836,-35.37,-39.81,-41.536,-45.04,-49.143,-52.08,-55.131,-57.056,-58.058,-58.571,-60.368,-64.303,-68.755,-71.313,-73.665,-73.884,-74.367,-74.777,-76.826,-77.233,-77.838,-80.629,-80.166,-79.923,-78.322,-78.071,-78.106,-78.516,-79.929,-80.286,-81.475,-79.375,-78.87,-79.741,-80.299,-80.082,-80.609,-81.858,-80.922
0.0,-2.458,-2.117,-1.72,-1.348,-2.34,-2.29,-0.934,-0.203,-1.661,-2.828,-4.351,-5.026,-5.081,-4.733,-4.317,-5.032,-7.309,-6.534,-5.567,-4.492,-4.044,-9.355,-9.572,-10.736,-10.908,-9.079,-9.254,-8.122,-7.574,-8.983,-10.249,-9.236,-11.695,-14.225,-16.945,-19.437,-17.703,-25.022,-23.607,-22.122,-24.41,-26.868,-26.399,-26.165,-24.209,-22.812,-24.667,-26.954,-39.505,-34.818,-32.694,-29.766,-35.001,-39.284,-33.053,-17.149,-15.01,-16.272,-16.005
0.0,-0.765,-1.804,-1.193,-0.9,3.75,8.051,11.543,11.804,14.323,15.141,15.284,16.284,20.427,24.039,24.886,25.723,25.06,23.81,22.449,21.877,22.621,22.38,23.145,22.486,20.161,19.896,20.089,19.409,18.582,19.507,17.365,19.115,20.426,20.557,21.876,25.101,26.154,27.101,25.513,25.253,25.246,25.336,23.884,24.638,25.476,27.601,32.578,39.522,42.352,41.486,39.848,38.089,36.612,35.779,34.918,33.836,34.871,34.909,33.232
0.0,-8.701,-12.722,-14.672,-17.78,-24.198,-22.883,-19.509,-20.22,-21.789,-18.782,-21.522,-23.248,-25.734,-31.342,-43.132,-43.131,-45.186,-53.089,-53.156,-52.912,-52.869,-54.14,-55.431,-56.799,-57.372,-58.728,-60.062,-65.233,-70.228,-72.728,-73.837,-74.271,-78.283,-80.173,-82.605,-81.618,-80.926,-82.963,-83.323,-82.333,-83.266,-81.802,-80.061,-79.22,-76.977,-65.686,-62.536,-62.968,-59.248,-57.313,-51.174,-45.693,-39.621,-36.281,-31.211,-30.392,-31.645,-31.512,-29.176
0.0,1.711,6.633,8.928,11.012,11.971,11.76,11.613,7.95,11.614,3.552,2.363,2.488,3.596,-4.553,-3.809,-3.93,-3.258,-0.614,5.54,5.146,21.112,23.502,22.955,21.04,21.175,19.499,22.527,24.517,27.234,26.798,25.129,22.419,16.934,12.87,12.648,11.594,7.795,5.92,4.623,7.851,15.163,17.747,26.369,30.763,28.785,35.798,35.944,40.679,41.649,43.021,44.055,54.164,59.716,62.653,70.683,71.122,70.53,70.145,69.255
0.0,0.101,0.2,-2.249,-4.562,-4.878,-4.387,-3.383,-2.178,-1.606,-1.678,-4.795,-11.297,-12.11,-14.077,-13.212,-11.048,-6.989,-3.903,-3.317,-4.317,-7.841,-12.609,-17.514,-20.756,-25.052,-24.944,-24.7,-25.327,-27.083,-26.011,-25.409,-21.802,-20.356,-19.254,-18.959,-16.308,-19.064,-23.183,-25.252,-25.117,-24.527,-25.576,-24.007,-22.175,-20.155,-20.851,-20.653,-21.694,-22.132,-23.586,-23.16,-24.803,-24.979,-23.958,-23.86,-22.616,-23.53,-24.05,-24.128
0.0,-1.09,-0.682,0.778,-2.129,-2.885,-5.181,-7.009,-7.517,-8.262,-11.866,-16.464,-14.936,-15.301,-14.049,-11.256,-9.523,-8.956,-7.002,-6.568,-6.068,-6.77,-7.61,-9.301,-9.187,-9.445,-9.828,-10.759,-11.119,-11.791,-13.083,-21.472,-26.138,-27.185,-21.464,-20.355,-19.234,-18.404,-17.193,-18.936,-16.033,-14.332,-18.037,-20.801,-23.8,-29.556,-34.089,-34.76,-33.444,-29.381,-27.531,-26.904,-26.205,-24.08,-21.549,-19.708,-19.611,-22.382,-22.782,-24.482
0.0,1.671,-3.585,5.993,5.808,6.931,6.402,7.175,4.852,1.051,-1.466,-0.388,1.288,5.499,6.203,8.043,3.015,-0.227,-0.068,2.387,5.53,6.97,8.826,7.358,5.977,4.664,3.004,1.125,0.872,-1.183,-2.461,-0.805,3.017,4.389,21.127,22.274,20.701,18.746,18.317,19.072,19.199,18.097,20.511,19.103,22.06,24.977,32.21,29.771,25.659,25.244,26.432,28.522,33.745,34.765,38.092,37.934,42.354,38.541,42.236,42.986
0.0,0.931,2.717,3.398,4.242,5.653,5.507,14.296,12.344,10.573,10.297,10.643,8.315,6.411,3.878,1.791,0.899,-1.317,1.011,0.732,3.177,4.365,5.181,6.426,7.211,5.982,8.464,8.569,10.455,10.702,11.804,14.271,16.501,16.711,17.729,17.563,17.013,17.319,17.438,18.482,17.805,16.383,16.244,14.832,13.732,13.12,12.457,13.746,14.76,16.58,18.077,18.781,16.301,16.015,17.092,16.26,16.274,16.428,16.706,17.32
0.0,-5.418,-6.266,-7.996,-6.959,-8.398,-10.229,-7.871,-15.853,-10.57,-11.228,-10.261,-14.064,-16.046,-19.882,-18.031,-11.269,-13.779,-14.421,-18.481,-19.709,-19.258,-22.668,-32.882,-36.287,-38.142,-38.905,-39.467,-41.943,-42.758,-42.546,-43.284,-44.307,-44.98,-44.703,-44.947,-45.009,-42.225,-40.777,-40.301,-37.359,-35.243,-30.093,-28.165,-28.553,-28.263,-27.039,-26.901,-26.317,-20.611,-21.053,-18.459,-17.375,-14.978,-11.335,-12.279,-12.068,-8.318,-4.081,-4.568
0.0,1.577,4.415,5.054,5.341,5.411,3.456,3.467,3.468,2.928,2.573,0.999,-1.314,-0.915,1.35,-2.14,-0.218,0.888,-2.314,-3.946,-1.565,-2.187,-1.177,8.031,7.502,14.401,12.694,12.588,15.434,16.901,13.697,16.437,15.697,19.138,24.545,31.702,40.932,41.599,50.378,50.651,56.099,59.613,59.478,59.149,62.323,68.669,72.05,72.982,70.994,69.962,66.071,65.789,70.872,71.354,72.266,73.822,73.717,74.7,75.174,76.744
0.0,-1.04,-1.208,-1.323,-2.918,-3.516,-3.558,-4.11,-4.439,-3.808,-3.104,-1.568,3.708,4.289,6.02,7.164,8.267,8.183,6.488,6.056,6.85,2.006,3.17,3.468,5.745,5.933,6.977,9.568,11.124,13.695,17.774,17.934,16.69,16.418,16.842,17.501,17.412,17.502,17.895,19.46,20.713,29.475,31.149,30.998,32.633,32.477,33.251,33.191,33.76,36.849,36.879,36.369,36.209,35.553,33.698,33.661,32.475,31.474,30.221,29.178
0.0,-0.562,0.452,1.453,-0.989,-5.542,-5.137,-4.065,-5.643,-10.336,-10.839,-13.497,-15.606,-20.629,-22.421,-23.078,-22.077,-18.293,-12.183,-14.132,-10.614,-4.429,-3.1,-6.161,-8.531,-11.434,-14.856,-15.046,-13.659,-10.394,-8.668,-7.981,-6.07,-3.724,-2.439,-5.018,-3.252,-3.693,-4.147,-6.237,-7.671,-11.294,-11.1,-12.633,-13.024,-13.448,-14.316,-15.596,-15.779,-14.043,-12.847,-11.052,-9.652,-13.41,-14.517,-14.05,-12.558,-11.866,-12.039,-14.287
0.0,-0.468,-0.501,0.043,0.661,0.789,0.341,0.407,0.528,-0.004,0.891,2.073,2.966,1.208,-0.086,-1.026,-2.632,-3.691,-3.853,-2.332,-1.017,-0.773,-1.582,-5.672,-6.385,-5.564,-5.628,-0.563,1.15,1.256,2.454,2.519,3.851,3.46,4.023,1.89,1.907,-0.671,-3.194,-3.138,-6.576,-8.737,-12.465,-12.742,-12.428,-12.959,-12.616,-13.198,-16.872,-19.85,-20.835,-20.756,-22.943,-23.746,-25.087,-27.463,-28.697,-28.934,-28.119,-29.611
0.0,1.036,-0.447,-0.257,1.381,4.813,18.059,14.879,11.468,12.53,12.59,13.223,12.681,13.468,12.078,8.331,3.589,0.735,0.534,-1.618,-6.649,-9.042,-11.992,-17.606,-17.594,-19.044,-22.512,-24.297,-24.294,-23.124,-21.99,-17.985,-29.17,-32.897,-31.507,-31.498,-33.579,-33.806,-34.14,-35.617,-38.805,-37.721,-38.526,-39.623,-39.432,-38.569,-38.744,-37.789,-40.497,-45.662,-44.575,-44.643,-44.112,-43.076,-42.604,-42.979,-42.74,-37.003,-36.847,-35.437
0.0,-0.738,-3.297,-2.32,0.474,4.634,6.659,12.456,13.874,13.189,11.303,14.1,15.932,17.55,20.009,21.997,21.212,19.754,18.462,18.818,18.497,17.632,18.563,19.972,19.033,19.088,19.585,19.527,19.061,16.39,15.696,13.459,12.515,13.396,10.869,9.046,7.949,7.392,6.471,5.307,4.425,3.671,1.695,-0.092,-1.25,-3.336,-6.013,-11.552,-11.771,-11.498,-11.861,-12.379,-9.603,-10.525,-11.512,-12.197,-11.773,-12.66,-10.264,-6.838
0.0,-2.429,-3.076,-4.112,-5.255,-6.655,-7.821,-6.62,-6.558,-12.203,-13.003,-14.005,-14.975,-15.296,-13.223,-15.488,-21.691,-22.933,-20.854,-18.455,-20.374,-23.082,-28.791,-26.846,-25.764,-26.008,-27.244,-27.572,-27.267,-27.066,-28.15,-26.747,-26.941,-31.534,-32.343,-27.175,-27.406,-28.876,-29.401,-32.27,-44.655,-42.581,-40.081,-37.976,-39.055,-43.448,-39.653,-39.161,-37.717,-39.521,-37.999,-38.739,-38.869,-36.435,-38.162,-42.739,-44.374,-47.103,-48.276,-52.334
0.0,3.141,7.423,10.422,7.594,5.218,2.777,-0.188,0.643,-1.722,-5.661,-11.307,-14.386,-17.004,-17.887,-21.565,-21.908,-28.203,-35.96,-38.0,-34.384,-34.556,-31.003,-32.641,-31.646,-33.088,-32.333,-31.923,-33.644,-31.441,-30.172,-30.405,-29.603,-25.872,-23.936,-19.38,-16.748,-17.479,-20.543,-24.112,-27.81,-30.377,-34.113,-39.158,-42.526,-43.153,-43.713,-43.441,-44.095,-43.908,-47.654,-50.865,-55.545,-60.553,-71.355,-74.36,-74.417,-72.747,-72.935,-74.044
0.0,-1.917,-4.804,-1.93,-0.26,7.154,22.721,18.536,16.84,15.589,14.532,18.214,24.68,24.248,24.565,25.249,26.952,26.163,26.183,24.121,23.099,23.109,31.503,32.744,23.772,26.028,26.181,23.819,20.75,21.148,20.364,22.888,22.147,18.93,14.843,13.417,13.552,12.875,12.649,13.219,14.181,15.105,15.443,15.568,14.622,14.269,11.643,13.501,11.763,13.747,14.435,14.769,9.749,8.684,9.864,11.867,13.65,12.455,14.001,15.355
0.0,-0.639,-2.388,-0.961,-0.806,-1.998,-10.186,-7.651,-5.002,-6.181,-7.755,-7.792,-4.726,-4.084,-4.184,0.393,-0.027,-1.245,6.604,7.088,12.366,11.623,11.604,7.977,2.908,6.405,10.404,9.59,-4.588,-4.642,-5.701,-2.323,12.355,15.609,16.145,13.69,12.618,21.031,22.605,22.654,24.614,26.095,27.228,29.731,33.568,32.931,32.634,34.863,37.036,37.427,36.736,36.6,42.207,46.668,48.545,48.834,47.336,45.629,44.542,48.205
0.0,2.634,2.011,1.323,1.213,-0.521,1.214,0.07,-0.787,0.216,1.09,-0.118,2.984,1.3,-0.42,-1.867,-2.483,-3.395,-4.507,-2.556,-1.279,0.17,0.934,-0.598,-1.675,-4.124,-7.227,-8.892,-7.084,-5.223,-5.638,-6.18,-5.98,-6.397,-4.215,-4.234,-2.256,-1.792,-3.583,-3.834,-2.404,-4.449,-7.956,-14.088,-16.393,-19.561,-23.306,-24.226,-25.401,-26.567,-26.25,-25.032,-24.854,-25.973,-25.984,-25.42,-25.007,-22.004,-18.03,-18.213
0.0,-0.781,-2.826,-3.303,-4.336,-5.039,-5.47,-5.364,-5.301,-4.258,-3.038,-3.271,-6.137,-6.66,-8.752,-9.031,-12.298,-12.427,-11.425,-12.202,-11.826,-11.062,-12.105,-14.537,-15.69,-16.32,-15.299,-16.258,-14.668,-13.76,-14.392,-17.548,-15.384,-15.193,-19.79,-19.056,-17.184,-16.176,-15.414,-15.413,-12.687,-10.402,-9.298,-9.284,-7.223,-2.691,0.911,1.941,-0.856,-6.432,-9.269,-11.12,-13.66,-15.903,-16.926,-15.852,-15.464,-14.671,-14.494,-15.194
0.0,-2.916,-2.89,-4.825,-6.45,-7.617,-6.969,-5.744,-5.343,-9.032,-9.44,-9.592,-13.025,-13.7,-15.638,-18.489,-19.395,-18.119,-19.851,-21.157,-23.131,-25.979,-24.108,-22.621,-19.522,-18.455,-18.033,-17.89,-16.904,-16.078,-14.71,-13.755,-13.351,-12.815,-14.17,-13.417,-9.21,-8.644,-6.011,-4.832,-5.719,-6.368,-7.8,-8.032,-9.903,-9.649,-10.582,-13.278,-11.215,-6.501,-6.369,-3.504,-3.586,-4.653,-2.862,-1.0,-0.662,-2.302,-2.313,0.403
0.0,-0.285,0.758,2.644,2.289,-4.892,-4.903,-5.143,-4.443,-2.336,-0.751,-1.684,-4.668,-5.933,-8.912,-10.22,-10.665,-13.216,-12.231,-10.976,-11.926,-15.001,-17.297,-18.891,-21.173,-22.389,-22.083,-21.195,-18.781,-19.6,-20.326,-18.623,-18.037,-19.322,-20.788,-20.893,-20.661,-20.773,-21.297,-21.86,-25.537,-27.571,-29.14,-26.764,-24.524,-29.394,-36.304,-41.004,-42.334,-41.478,-41.66,-42.975,-46.12,-48.114,-50.351,-53.439,-56.761,-57.593,-58.365,-58.641
0.0,1.23,1.634,0.799,-3.715,-15.977,-15.115,-15.662,-16.159,-15.882,-17.248,-19.718,-17.49,-6.435,2.975,1.784,1.269,4.509,5.12,-3.4,-1.307,-2.855,-8.356,-11.727,-9.425,-11.609,-17.45,-11.668,-14.78,-15.197,-16.162,-17.545,-15.86,-17.823,-20.118,-34.014,-30.926,-27.775,-27.933,-30.424,-29.358,-28.188,-28.756,-38.918,-43.091,-46.316,-50.308,-49.852,-50.463,-48.778,-50.766,-51.929,-55.525,-57.26,-66.148,-68.641,-67.832,-66.499,-68.919,-68.779
0.0,2.831,8.394,11.697,11.751,10.333,9.601,10.336,21.105,24.645,25.007,28.512,36.027,39.547,38.753,38.382,39.095,38.565,39.512,40.772,34.849,32.391,33.862,35.332,40.742,38.588,53.983,56.622,52.976,51.506,53.712,52.976,59.056,59.796,60.593,58.858,59.593,58.123,58.123,61.799,65.475,64.739,64.004,66.945,76.225,77.89,75.105,73.636,74.553,74.484,74.239,76.743,77.375,69.764,74.358,75.842,79.729,82.02,81.506,81.044
0.0,-1.553,-2.171,-2.424,-2.542,-4.152,-4.287,-5.143,-5.441,-5.941,-5.705,-5.469,-8.25,-8.664,-10.66,-11.47,-12.194,-9.867,-6.566,-3.019,-2.385,-0.76,-0.712,-0.814,-2.188,-3.475,-4.24,-6.132,-7.056,-6.495,-5.33,-3.779,-3.45,-2.874,-4.937,-6.931,-8.336,-7.908,-8.214,-7.204,-5.897,-4.648,-6.17,-4.925,-3.993,-2.905,-1.604,-0.811,-1.299,0.71,-5.239,-10.423,-14.554,-15.225,-15.712,-15.795,-15.321,-13.226,-13.334,-15.138
0.0,2.013,6.679,3.918,2.381,2.733,-1.999,-5.804,-9.344,-16.91,-15.305,-24.311,-25.404,-26.454,-26.727,-30.238,-29.58,-29.09,-28.973,-30.139,-33.034,-34.994,-37.347,-38.738,-38.835,-37.66,-37.928,-40.42,-41.746,-43.926,-46.417,-48.267,-50.229,-48.172,-43.647,-42.044,-39.738,-39.584,-39.021,-41.295,-43.436,-50.844,-50.398,-56.09,-55.481,-55.542,-54.509,-54.742,-55.7,-55.365,-57.788,-60.54,-65.942,-66.351,-69.967,-71.627,-71.001,-64.767,-62.321,-62.813
0.0,0.886,2.521,4.618,4.529,11.599,7.909,5.526,4.288,4.223,6.488,9.079,9.953,9.555,9.697,10.023,9.4,10.224,10.53,10.453,10.617,10.38,10.401,10.434,9.495,8.658,7.537,8.273,9.508,8.735,7.464,6.831,6.176,3.234,0.493,-5.463,-6.831,-7.524,-8.359,-9.919,-9.977,-11.68,-11.625,-13.969,-14.368,-14.372,-18.063,-19.544,-22.056,-25.523,-25.491,-25.697,-26.659,-27.321,-26.208,-24.461,-24.53,-24.458,-23.967,-23.888
0.0,-1.351,-6.472,-6.952,-6.494,-3.763,0.867,14.433,7.832,8.915,8.346,7.301,10.154,23.149,24.609,23.144,20.465,20.696,22.849,21.155,19.281,18.962,19.207,19.472,19.513,20.961,22.842,22.786,21.841,21.776,21.778,22.225,23.869,24.278,21.081,24.487,24.698,23.906,23.029,21.486,15.239,14.577,7.137,9.215,10.705,13.809,16.338,18.643,19.468,17.453,17.848,19.562,35.843,33.811,29.538,26.218,25.59,29.058,33.495,33.114
0.0,0.612,0.953,3.115,6.573,3.324,1.219,2.579,-0.202,4.674,14.615,18.915,15.728,15.233,18.554,17.636,22.453,24.096,13.675,12.734,5.425,-0.061,0.622,-0.824,-5.915,-9.031,-9.261,-10.292,-18.81,-31.296,-34.691,-34.928,-35.834,-33.999,-36.849,-42.856,-50.997,-57.036,-59.732,-64.604,-67.625,-67.435,-74.849,-83.911,-83.875,-83.867,-84.721,-84.835,-83.378,-83.837,-81.437,-80.669,-79.358,-77.421,-76.878,-74.941,-74.689,-74.275,-73.725,-74.316
0.0,0.103,1.482,-0.996,4.051,8.054,17.712,19.091,22.288,21.484,20.551,19.312,17.724,15.857,14.009,10.747,8.609,9.04,5.695,5.042,7.446,10.88,14.639,16.891,18.492,19.351,20.445,21.734,25.371,27.784,26.746,25.368,23.361,23.958,24.965,28.383,30.928,30.3,29.019,31.359,33.68,34.729,34.607,34.084,34.861,35.976,38.327,36.622,35.454,37.052,40.131,43.747,45.93,48.589,49.415,51.459,51.56,52.587,51.359,51.643
0.0,1.127,-1.699,-2.113,-1.712,0.339,-0.22,-0.993,2.839,2.51,-1.013,-0.915,-0.935,-2.864,-2.279,-0.029,-1.701,-0.588,-4.797,-8.264,-11.789,-14.715,-14.547,-12.313,-11.846,-12.456,-12.21,-14.786,-13.199,-8.192,-7.269,-6.343,-7.252,-9.416,-8.423,-7.158,-7.429,-3.743,-4.563,-3.495,-0.64,-0.368,-2.749,-11.816,-14.099,-16.951,-18.691,-21.878,-31.279,-37.008,-38.624,-35.493,-30.071,-31.676,-38.065,-40.943,-40.608,-40.711,-40.308,-36.737
0.0,-0.03,-1.259,-1.715,-2.305,-8.29,-7.898,-7.718,-12.103,-12.513,-13.423,-14.496,-14.776,-14.129,-11.545,-13.709,-15.142,-16.434,-16.02,-15.03,-15.444,-16.534,-17.822,-17.22,-17.475,-20.635,-34.863,-34.043,-34.113,-33.333,-32.377,-35.094,-34.434,-33.536,-33.417,-34.184,-33.459,-33.744,-33.155,-33.746,-36.206,-33.863,-34.89,-34.744,-35.236,-38.496,-40.077,-39.504,-38.328,-37.46,-39.854,-48.018,-46.604,-46.731,-47.368,-48.37,-47.877,-49.276,-52.038,-51.943
0.0,0.307,-1.435,-1.697,-2.238,2.762,14.076,11.33,14.631,14.343,10.086,10.156,12.898,15.3,20.945,22.134,22.229,21.024,20.366,21.696,21.19,23.526,24.683,26.364,29.344,28.863,33.16,32.463,31.428,30.35,31.362,34.554,36.078,38.326,38.433,37.396,37.31,42.669,42.506,42.25,42.248,41.057,41.251,42.917,46.352,46.602,47.678,45.929,45.43,44.693,45.654,46.285,45.177,46.275,49.552,49.743,48.787,48.141,50.546,55.272
0.0,-0.759,2.481,3.161,1.909,0.894,-0.738,-5.361,-5.066,-0.568,-6.406,-4.416,-2.746,-1.343,0.263,0.416,0.608,-0.887,3.175,7.782,13.787,16.623,15.699,18.038,17.106,25.175,24.483,24.453,32.611,31.315,35.362,33.316,30.702,33.611,39.624,39.637,39.183,38.434,40.74,43.915,42.309,48.616,48.763,48.76,45.559,45.921,43.325,46.415,48.94,49.28,51.531,49.03,48.493,47.823,48.535,48.99,47.845,48.904,48.964,51.985
0.0,0.929,2.797,2.879,3.767,3.7,2.51,4.076,4.298,4.375,4.825,5.178,6.979,10.781,25.631,32.839,33.092,32.02,33.431,35.053,35.502,36.973,39.47,48.913,48.451,47.9,49.759,53.771,57.548,57.509,59.838,59.962,59.995,61.361,62.142,62.567,64.242,63.402,66.323,73.181,76.356,76.904,79.785,77.721,77.583,77.255,76.644,75.471,73.913,74.449,74.495,78.92,86.098,87.842,86.939,85.786,86.218,86.095,86.175,85.956
0.0,-3.501,-4.368,-7.485,-6.044,-8.312,-9.308,-9.068,1.802,-0.374,-4.388,-9.773,-13.349,-14.576,-13.549,-14.367,-18.999,-19.186,-18.981,-19.844,-21.168,-19.88,-18.147,-19.495,-18.192,-16.956,-14.034,2.518,7.51,4.646,6.016,6.825,5.621,4.588,4.91,4.363,2.889,5.665,6.468,7.198,7.463,9.954,10.524,11.419,12.814,13.289,12.777,11.826,12.07,14.989,17.241,19.841,20.118,22.403,28.534,29.705,31.325,34.593,34.576,34.872
0.0,2.733,6.973,8.702,8.501,28.565,33.367,35.826,38.346,37.666,38.599,36.555,37.896,35.066,36.129,49.698,47.024,52.536,55.883,65.161,65.209,69.954,67.18,68.492,69.506,70.14,76.228,81.466,84.926,86.343,86.576,91.149,92.598,98.236,100.277,101.871,102.639,103.753,101.46,100.282,99.806,102.164,105.59,109.638,110.135,107.754,105.548,107.047,106.284,107.754,115.675,115.106,117.311,117.311,116.576,116.576,101.137,104.078,109.96,109.96
0.0,4.17,3.916,3.673,4.66,5.09,8.397,8.489,8.206,8.055,6.652,8.851,11.878,14.971,16.355,16.604,18.516,20.168,20.877,20.719,20.494,18.864,17.216,15.488,14.157,14.365,15.525,15.188,8.489,10.982,11.815,7.145,6.086,5.842,6.146,6.125,2.656,3.834,5.019,7.026,9.047,9.242,8.94,7.32,4.567,4.568,5.213,4.294,3.968,-5.376,-9.11,-13.394,-10.073,-4.948,-2.222,5.121,11.158,9.92,8.348,7.068
0.0,0.372,0.864,4.27,7.563,9.519,12.124,11.989,10.636,13.774,16.075,18.434,25.769,28.631,29.846,36.715,38.395,41.321,44.835,43.254,40.883,37.829,36.725,37.619,39.675,42.799,43.543,44.656,45.065,43.265,42.947,41.868,42.143,44.89,43.802,44.054,45.33,44.158,42.824,42.958,44.009,46.615,48.117,49.02,48.608,49.612,50.553,55.091,62.121,62.906,64.259,64.428,69.299,69.088,67.425,68.082,71.485,71.725,72.905,78.48
0.0,0.564,3.312,-0.84,-2.943,-4.251,-2.357,-5.339,-7.758,-18.87,-19.62,-22.739,-20.992,-22.42,-22.944,-22.826,-22.347,-18.018,-16.19,-4.746,-4.613,-7.13,-12.564,-13.952,-13.162,-11.527,-11.006,-8.273,-3.576,-1.21,8.16,12.575,12.013,11.282,12.657,14.083,15.014,13.808,13.514,13.893,13.229,13.637,13.997,15.203,15.722,19.359,25.645,30.177,33.87,37.049,35.735,37.467,38.206,39.514,41.438,42.656,44.54,46.261,49.47,56.278
0.0,-0.445,-2.053,-4.188,-2.637,-5.546,-6.594,-6.058,-5.681,-4.954,-5.161,-5.914,-5.766,-6.116,-6.437,-7.927,-10.633,-19.055,-20.641,-18.503,-20.778,-19.166,-17.127,-17.906,-20.89,-23.193,-24.172,-22.638,-22.919,-24.613,-23.625,-21.225,-21.913,-19.211,-23.714,-26.516,-24.3,-17.636,-28.162,-31.573,-30.852,-30.038,-28.862,-27.682,-27.742,-27.198,-25.295,-26.544,-25.658,-26.058,-25.206,-27.579,-29.835,-29.258,-27.279,-30.679,-31.953,-34.195,-36.429,-36.652
0.0,1.057,-4.714,-2.92,-2.394,-4.596,-5.177,-6.405,1.085,5.667,5.798,1.952,-5.478,-6.54,-3.117,-1.745,-1.46,-1.149,-2.696,-3.736,-4.394,-6.318,-5.825,-6.46,-6.197,-6.767,-7.725,-6.689,-6.44,-6.195,-5.829,-4.117,-4.595,-5.302,-5.721,-6.288,-5.997,-8.356,-9.761,-11.431,-12.652,-14.75,-15.388,-15.781,-13.745,-12.418,-8.705,-9.757,-9.203,-10.566,-10.509,-7.764,-6.068,-5.666,-5.216,-6.056,-7.108,-8.545,-7.498,-4.714
0.0,0.843,1.815,1.112,1.437,1.905,2.883,1.778,8.964,10.696,10.673,9.481,7.743,7.255,7.289,7.987,9.595,10.633,12.212,12.264,15.439,14.137,12.39,11.713,10.15,7.833,8.245,9.11,10.171,9.167,8.568,7.916,9.1,10.215,9.6,12.623,14.911,17.768,12.435,11.462,7.863,8.433,14.152,15.429,14.976,15.973,16.963,22.318,21.041,23.15,18.271,14.328,16.764,16.964,18.469,17.231,17.215,20.061,22.937,23.238
0.0,-0.491,1.112,7.793,7.437,8.401,10.212,8.562,6.871,5.811,5.428,6.192,6.906,7.087,8.068,8.404,9.27,9.08,7.912,7.492,8.643,10.701,15.436,16.89,17.116,18.002,17.74,19.762,21.524,25.277,27.392,28.913,29.105,29.403,30.918,31.475,36.877,38.345,38.143,40.375,41.588,42.011,43.351,43.035,41.907,42.974,43.472,42.492,42.031,40.877,41.15,41.4,41.186,40.028,41.098,40.687,40.86,40.69,40.516,40.777
0.0,0.472,7.952,11.986,13.269,15.857,20.704,24.17,26.086,26.902,26.586,25.929,26.061,25.915,27.864,29.31,29.739,33.05,32.921,32.486,33.087,34.447,33.825,33.651,32.888,33.647,34.619,33.436,33.656,33.484,33.161,32.656,30.957,31.688,31.465,31.859,31.58,31.959,32.589,34.595,34.92,34.614,35.235,35.765,36.636,37.395,39.758,41.079,40.946,40.421,41.432,42.244,41.288,41.1,38.807,38.482,37.841,38.94,39.265,39.44
0.0,-0.272,0.001,0.552,1.645,-6.658,-7.605,-9.092,-10.375,-11.485,-11.9,-12.431,-12.902,-12.577,-12.064,-13.392,-14.669,-16.454,-16.394,-16.028,-15.147,-14.631,-15.066,-16.386,-17.336,-19.089,-19.24,-18.486,-18.249,-18.096,-18.78,-19.091,-18.996,-18.792,-20.183,-19.32,-14.866,-8.482,-4.281,-0.022,2.069,2.215,2.998,4.37,2.984,3.013,2.314,1.995,2.765,3.265,3.062,2.581,2.192,2.974,3.685,4.72,6.575,7.251,6.921,7.399
0.0,-8.699,-13.457,-13.388,-16.431,-18.639,-17.86,-16.633,-17.118,-24.409,-26.512,-26.157,-27.2,-33.928,-33.475,-29.431,-35.437,-33.852,-34.503,-29.17,-28.578,-20.851,-14.892,-14.728,-14.935,-16.111,-14.641,-13.38,-11.074,-12.319,-9.112,-0.992,3.565,0.028,-10.408,-22.494,-23.126,-21.178,-16.09,-13.525,-12.316,-7.445,-9.519,-7.324,-4.319,-8.048,-9.18,-6.569,-9.605,-11.688,-12.537,-8.464,-11.367,-11.311,-14.924,-24.325,-21.742,-20.586,-21.068,-12.753
0.0,2.94,8.086,12.705,12.848,16.173,13.96,15.556,15.075,13.609,15.369,18.335,16.812,23.525,30.142,33.818,36.758,37.494,38.964,38.229,37.494,39.699,57.343,63.225,68.371,73.517,72.047,63.96,62.49,59.549,61.019,61.019,63.225,61.019,58.814,61.755,63.225,64.695,66.901,69.106,69.842,70.577,67.636,64.695,64.695,61.998,60.058,57.571,53.79,55.843,57.303,53.609,51.712,50.277,50.552,51.205,53.506,56.267,54.628,52.621
0.0,2.4,1.731,2.245,-0.486,1.628,1.092,1.071,-1.198,2.047,2.463,5.184,5.209,3.352,-0.809,-0.909,-0.175,2.434,1.134,1.48,-1.344,-5.913,-4.435,-5.661,-6.994,-7.47,-11.273,-14.44,-13.679,-15.787,-17.262,-15.471,-19.286,-22.685,-22.617,-25.388,-26.24,-28.688,-30.553,-31.215,-33.417,-34.244,-32.435,-34.501,-35.505,-36.012,-37.258,-37.96,-43.919,-45.355,-44.981,-49.541,-52.717,-55.115,-55.216,-53.827,-57.257,-61.788,-71.64,-76.247
