0.0,-0.871,-6.586,6.617,7.745,9.729,8.902,11.378,12.71,15.425,15.574,19.239,40.234,40.349,47.743,49.493,50.787,50.584,51.545,50.901,49.006,50.021,49.008,51.837,51.716,51.101,51.71,53.13,53.52,50.417,50.133,49.605,45.28,46.083,49.725,49.459,50.95,49.675,51.299,54.731,56.604,55.938,53.063,50.281,47.79,47.242,47.549,48.789,49.28,52.908,52.857,48.971,45.861,41.583,38.985,34.916,33.695,34.304,32.619,33.443
0.0,-7.071,-8.187,-5.085,-1.051,4.921,6.027,4.672,7.046,7.65,6.963,7.159,5.587,4.659,5.097,5.126,9.074,7.482,5.537,5.723,3.044,8.334,9.869,13.677,14.078,10.429,8.007,5.678,5.587,7.722,12.508,16.975,18.743,19.79,23.597,24.387,24.139,27.339,27.923,23.356,23.607,25.829,26.785,25.733,24.357,21.68,23.917,29.682,29.638,29.844,26.776,28.468,33.632,33.671,33.543,32.961,34.787,36.672,36.529,34.04
0.0,-1.332,-3.897,-2.859,-1.866,-1.557,-4.985,-4.589,-2.998,0.516,-1.139,-2.374,-4.601,-5.917,-5.749,-8.778,-8.847,-11.034,-12.148,-12.536,-12.563,-12.833,-9.815,-10.034,-11.21,-12.305,-15.85,-18.013,-13.92,-11.365,-10.954,-11.153,-12.729,-11.172,-7.901,-6.72,-3.416,-10.526,-10.799,-5.929,-7.253,-11.586,-12.588,-11.142,-13.21,-14.299,-14.82,-14.928,-14.025,-13.972,-13.944,-13.133,-16.152,-16.748,-14.568,-15.568,-17.189,-16.473,-23.967,-22.836
0.0,5.378,13.088,29.191,30.05,29.151,26.696,24.578,22.627,24.109,27.246,34.323,39.006,38.724,37.445,34.307,33.863,44.538,49.575,49.28,54.282,53.675,56.05,56.57,57.285,56.16,57.382,61.118,60.174,67.504,68.942,68.92,71.035,74.421,73.43,74.182,77.771,83.769,84.467,84.405,83.458,82.854,83.465,87.936,96.424,96.741,96.86,95.175,95.069,95.882,96.53,94.501,92.983,98.385,99.029,106.473,112.221,104.963,104.92,112.328
0.0,1.47,2.94,4.411,4.411,6.616,8.087,11.027,12.498,13.233,13.968,13.233,22.957,23.259,25.056,26.189,27.747,29.407,29.663,30.932,28.672,31.151,32.439,33.783,34.889,38.563,38.619,36.907,36.009,35.417,38.765,39.759,37.207,35.417,34.537,44.111,45.309,49.757,50.325,49.02,51.635,54.25,57.597,67.296,66.522,77.728,79.667,81.528,81.137,80.048,82.467,81.236,81.489,82.491,85.777,92.101,93.78,95.952,96.162,97.548
0.0,0.408,1.704,3.666,5.254,6.802,10.068,18.464,18.3,16.775,16.566,15.557,14.322,15.28,16.164,21.547,25.26,25.824,29.364,29.368,28.238,27.406,28.993,37.267,37.037,34.886,33.109,34.087,35.932,37.277,38.058,38.492,42.266,44.513,52.915,52.863,53.366,60.918,66.009,62.257,68.13,74.158,75.724,77.917,80.347,80.677,79.274,78.738,79.207,80.548,81.143,81.264,81.02,80.923,79.155,77.009,74.699,74.87,76.63,77.516
0.0,-0.196,0.785,3.444,1.96,0.905,1.058,5.643,12.692,13.141,13.699,15.168,15.348,15.346,16.606,18.319,20.576,32.67,35.399,38.341,38.212,41.122,40.574,39.837,38.108,38.568,40.678,41.071,40.449,41.541,37.381,33.234,38.192,38.873,43.88,47.01,47.765,52.063,56.501,55.35,52.496,51.655,49.825,48.507,48.978,47.232,45.124,35.61,34.433,31.412,31.53,33.371,33.774,32.07,28.562,25.198,30.236,37.278,39.203,39.111
0.0,5.023,6.606,8.869,11.551,11.664,12.678,7.661,7.55,7.034,5.417,4.625,4.035,2.486,0.356,-0.61,0.635,1.496,-0.641,-7.966,-1.712,-0.64,-2.26,-4.542,-5.277,-8.691,-10.774,-11.477,-10.229,-11.27,-12.909,-12.974,-12.428,-13.457,-14.021,-15.912,-16.428,-17.148,-17.241,-17.69,-19.004,-20.66,-21.32,-23.087,-24.97,-24.416,-23.629,-24.307,-26.195,-25.439,-25.779,-30.201,-30.978,-30.179,-31.292,-31.499,-31.674,-30.832,-31.877,-30.7
0.0,4.95,5.038,3.878,2.568,-0.199,2.446,4.117,3.827,1.356,-1.155,-7.382,-14.015,-19.274,-18.579,-15.722,-14.106,-14.874,-13.57,-12.324,-4.148,-12.387,-15.262,-23.369,-24.589,-26.025,-26.556,-28.051,-28.614,-28.755,-31.595,-33.517,-34.702,-37.032,-54.245,-53.406,-50.265,-48.681,-43.802,-43.697,-42.717,-43.247,-41.533,-42.16,-37.582,-37.325,-35.2,-33.228,-32.196,-31.292,-27.532,-27.527,-27.548,-25.741,-23.856,-22.72,-20.832,-22.299,-23.1,-20.422
0.0,-2.681,-2.731,-1.933,-0.987,-4.276,-4.831,-6.519,-6.698,-1.065,-0.145,-3.625,-3.345,-1.103,-3.919,-3.769,-5.689,-4.887,-2.778,-2.055,-1.12,0.187,0.828,0.225,1.084,1.04,3.894,10.962,11.962,22.899,28.004,31.813,34.322,34.321,37.433,39.749,43.595,46.704,52.567,57.33,63.058,73.619,76.233,80.431,83.796,85.681,85.302,85.992,88.206,91.35,91.899,91.489,92.539,94.067,98.749,106.826,111.959,111.875,110.538,111.098
0.0,-0.719,-5.965,-8.683,-14.418,-20.841,-26.863,-31.616,-34.189,-34.918,-32.726,-31.998,-31.769,-30.843,-29.785,-29.14,-28.952,-30.221,-30.622,-31.283,-29.739,-29.015,-27.731,-27.454,-26.394,-25.32,-27.177,-27.315,-25.692,-27.307,-25.675,-25.934,-26.418,-26.202,-25.965,-27.317,-26.763,-25.581,-26.995,-29.271,-28.764,-31.473,-31.418,-31.612,-31.461,-28.855,-29.364,-27.631,-28.063,-29.001,-30.618,-32.287,-31.704,-32.581,-32.743,-32.384,-30.892,-29.786,-31.262,-34.668
0.0,1.531,0.971,1.588,0.897,0.743,0.064,1.138,5.455,6.341,5.403,3.92,1.642,-1.082,-0.722,-3.087,-2.141,-2.125,-0.436,-4.301,-4.931,-4.99,-5.56,-4.633,-4.461,-1.735,7.513,11.37,12.603,11.094,13.956,13.989,15.453,24.2,26.092,26.941,29.479,29.593,27.993,28.026,29.731,30.515,29.008,31.584,28.097,25.985,27.103,26.889,26.733,26.73,25.605,17.424,20.33,21.632,18.676,18.344,20.315,19.58,15.392,15.648
0.0,0.699,1.143,0.975,3.538,4.248,5.832,4.613,3.91,5.278,5.158,8.877,11.286,11.689,9.401,7.721,6.718,7.404,7.466,9.606,9.383,9.19,7.787,6.885,7.136,7.49,7.298,7.336,6.726,8.187,8.249,10.319,11.46,13.433,14.206,11.829,9.084,9.33,10.396,11.44,10.891,10.032,10.189,12.325,15.439,16.59,14.64,13.323,13.102,12.545,11.496,12.085,12.085,9.352,5.444,6.267,9.719,7.462,4.821,5.631
0.0,0.063,2.028,1.182,2.429,4.715,5.096,5.55,5.667,6.607,6.273,4.355,4.412,6.62,4.561,3.655,6.722,7.402,11.824,13.664,21.203,22.457,23.985,23.472,22.609,21.083,19.712,18.877,19.253,22.721,33.103,33.109,36.059,38.303,39.83,40.976,46.194,47.283,49.985,50.076,49.256,48.75,48.798,48.723,49.883,51.105,52.961,54.432,54.328,53.741,53.925,52.466,51.453,51.648,51.052,52.05,53.473,52.081,50.031,50.604
0.0,-2.875,-1.012,-3.471,-6.889,-13.779,-18.27,-20.739,-22.141,-26.982,-32.939,-34.588,-39.683,-41.38,-37.613,-39.527,-42.618,-40.681,-43.58,-48.098,-49.215,-50.422,-55.228,-54.181,-54.345,-57.361,-57.864,-61.532,-64.367,-64.352,-65.304,-66.455,-66.557,-66.473,-63.203,-63.249,-60.671,-61.827,-61.468,-62.675,-62.259,-62.542,-64.213,-61.612,-62.665,-68.165,-69.792,-70.307,-72.151,-71.067,-69.794,-72.938,-72.899,-71.099,-71.713,-72.365,-71.163,-69.371,-70.779,-71.024
0.0,0.919,-0.689,-2.197,-0.534,-0.543,-0.473,-0.533,3.126,3.755,3.051,2.976,-9.297,-11.172,-14.529,-12.333,-13.188,-15.891,-15.643,-14.695,-15.132,-12.704,-15.324,-17.426,-16.788,-15.872,-14.968,-11.329,-10.008,-8.573,-10.005,-12.576,-13.609,-14.212,-16.16,-18.407,-20.423,-17.274,-19.3,-18.992,-21.973,-23.527,-26.059,-28.439,-32.236,-39.879,-40.339,-39.692,-45.191,-46.872,-47.885,-49.388,-49.572,-47.948,-49.332,-50.16,-46.277,-47.293,-50.303,-51.712
0.0,-0.067,-1.495,0.3,-0.645,1.13,3.293,9.041,9.433,5.596,4.304,3.539,11.779,14.865,13.936,16.52,16.482,13.741,10.24,7.675,9.919,11.714,12.232,10.799,9.096,10.777,12.371,8.215,9.441,8.088,5.741,10.606,6.922,6.362,6.091,6.558,5.106,3.304,4.813,3.809,1.508,1.321,1.737,-0.207,1.79,2.83,3.852,2.661,0.243,-0.265,1.41,0.303,-1.382,-2.328,-1.594,-1.641,1.376,-0.027,0.445,-3.458
0.0,-2.671,-2.246,3.768,8.466,8.973,9.01,7.878,7.035,7.43,9.094,9.8,10.432,17.408,12.491,12.065,14.862,18.061,19.115,20.27,21.89,29.031,38.719,40.628,43.871,45.699,45.051,47.299,47.717,49.977,50.857,55.468,60.224,60.559,60.247,60.225,63.092,60.457,61.293,61.537,61.618,62.08,65.024,64.989,66.285,67.736,66.4,64.868,65.991,66.689,68.17,68.494,67.938,67.718,69.02,70.001,70.795,71.958,70.413,70.609
0.0,0.687,3.094,8.131,10.256,8.182,4.36,6.585,9.759,12.412,13.488,13.726,13.474,13.099,13.363,13.323,17.146,20.011,22.01,22.647,22.828,25.534,27.731,27.088,24.2,25.807,26.154,24.978,23.583,27.191,26.261,23.168,20.076,14.015,17.404,19.995,19.083,18.964,16.516,17.207,8.112,2.881,5.881,7.445,9.403,13.104,14.031,13.011,12.094,18.095,28.277,30.952,29.438,36.018,35.159,32.208,33.293,29.716,29.108,30.657
0.0,1.406,-0.428,-2.67,-5.061,-6.808,-5.367,-5.468,-11.026,-10.404,-10.221,-10.617,-12.47,-23.288,-19.033,-18.271,-17.357,-19.213,-22.582,-22.912,-22.044,-20.138,-17.899,-16.946,-16.037,-15.003,-14.868,-13.331,-16.333,-14.798,-14.942,-13.853,-5.876,-4.323,-0.717,0.739,-1.086,-3.637,-2.449,-2.64,-2.641,-3.511,-3.546,-4.627,-5.861,-3.805,-2.497,-1.874,-4.139,-3.336,-6.31,-7.662,-6.815,-6.3,-3.726,0.935,-0.564,-3.211,-3.088,-1.617
0.0,1.189,5.931,6.186,5.479,7.698,8.311,15.208,18.293,18.827,18.845,23.697,20.357,19.784,20.743,21.055,19.606,20.883,19.859,18.024,16.697,17.604,17.985,16.639,17.572,19.038,18.907,18.439,18.786,21.976,21.966,22.221,22.845,22.939,20.763,20.555,19.975,20.078,21.811,21.991,26.112,26.116,29.296,29.495,29.852,28.194,27.161,26.392,26.795,28.222,28.3,27.448,28.58,27.815,27.588,28.024,26.385,23.727,24.474,23.773
0.0,-0.763,-1.385,-1.25,-1.425,-0.745,-2.011,-1.483,-2.779,-4.53,-5.15,-3.978,-3.322,-5.183,-5.795,-4.152,-5.149,-2.344,-3.139,-5.073,-4.151,-4.53,-5.475,-1.842,3.962,4.049,5.048,5.115,9.745,14.286,14.514,17.488,21.175,25.689,29.005,31.595,36.987,37.693,37.295,34.274,33.093,32.067,33.979,33.425,29.693,28.165,27.314,24.918,26.22,26.246,26.806,26.678,21.545,19.86,18.37,14.754,13.833,12.436,10.382,4.826
0.0,-0.159,0.83,0.275,-1.316,-5.246,-5.836,-4.214,-0.404,-9.349,0.877,4.859,6.309,3.604,1.862,2.617,-3.044,-2.651,0.902,2.819,-5.103,-13.174,-16.33,-19.295,-13.489,-16.625,-15.816,-15.883,-17.758,-21.218,-19.203,-19.404,-18.207,-15.215,-16.747,-21.507,-25.375,-28.448,-41.302,-49.422,-58.938,-57.027,-61.36,-64.448,-66.559,-64.52,-62.426,-62.048,-63.562,-64.456,-66.048,-69.142,-74.233,-79.169,-78.145,-81.597,-88.593,-94.247,-95.32,-95.466
0.0,0.169,-2.663,-4.956,-7.336,-8.483,-4.282,-3.667,-4.227,-4.241,-6.659,-11.149,-7.906,-5.773,-6.858,-6.767,-7.858,-6.251,-4.953,-1.127,5.71,9.966,8.664,10.537,0.136,-13.173,-21.188,-21.362,-18.163,-17.252,-19.542,-17.656,-18.426,-19.865,-22.438,-20.657,-22.261,-21.548,-23.281,-23.948,-25.072,-26.648,-26.217,-24.884,-24.978,-24.264,-23.932,-25.747,-29.993,-30.016,-36.334,-34.719,-33.309,-31.816,-31.2,-31.695,-32.134,-30.97,-31.484,-30.771
0.0,-1.85,-3.134,-4.041,-4.402,-6.926,-9.401,-11.421,-12.254,-9.773,-8.547,-8.524,-9.489,-10.91,-10.677,-10.717,-12.112,-14.126,-17.689,-10.192,-7.119,-7.32,-7.282,-3.802,-2.872,-1.888,-1.799,-3.061,-5.232,-3.221,-7.404,-6.253,-5.162,-4.815,-4.533,-4.215,-2.995,-2.174,0.667,2.379,0.581,1.727,3.531,5.125,4.404,8.087,6.993,5.526,6.89,8.586,8.087,8.696,8.282,6.905,4.022,3.852,5.882,5.044,2.013,3.155
0.0,1.074,2.32,-0.721,-0.934,0.588,-2.002,-4.791,-3.041,-8.633,-14.502,-19.298,-22.325,-15.641,-9.951,-12.156,-15.146,-12.996,-15.542,-14.829,-15.622,-14.97,-14.429,-10.327,-11.41,-19.865,-28.219,-37.348,-41.896,-43.786,-37.656,-31.92,-31.109,-31.177,-31.288,-31.059,-29.125,-32.628,-34.952,-34.963,-33.031,-25.516,-20.527,-16.404,-14.769,-14.659,-14.681,-14.03,-11.031,-8.209,-7.333,-8.246,-10.509,-11.472,-11.301,-14.178,-12.726,-12.125,-12.016,-13.659
0.0,0.456,1.461,2.017,1.692,1.654,0.375,-1.83,-0.762,0.68,1.725,2.02,3.301,2.361,1.66,2.88,4.221,4.157,1.997,-0.939,-4.725,-7.41,-4.841,-4.873,-5.908,-7.096,-11.1,-13.624,-15.489,-15.471,-20.574,-21.473,-21.64,-23.051,-22.477,-22.601,-22.981,-27.84,-29.539,-31.947,-34.712,-40.415,-41.236,-40.976,-41.095,-43.646,-44.593,-45.075,-47.152,-48.604,-48.459,-46.984,-47.34,-47.196,-48.547,-50.209,-50.355,-53.095,-56.321,-59.221
0.0,4.449,1.743,-5.063,-5.669,-6.065,-6.11,-0.47,2.497,1.261,3.59,6.421,6.971,3.38,3.857,6.09,9.291,9.124,11.82,12.029,21.742,23.23,28.036,29.402,26.245,24.194,28.862,30.201,29.587,29.64,31.073,35.8,36.271,38.538,39.927,39.63,38.612,36.664,37.82,44.49,47.226,47.168,44.048,44.053,43.506,44.393,45.624,43.952,43.396,44.268,42.93,41.109,41.291,44.892,47.589,48.709,46.049,45.092,43.663,41.501
0.0,-1.661,1.048,4.361,6.431,6.462,2.176,-1.2,-4.819,0.99,2.675,1.049,-0.09,-3.99,-9.369,-5.421,-4.314,-4.064,-5.047,-3.882,-2.643,-0.726,0.12,-0.118,0.582,0.265,-0.73,-0.369,2.305,2.635,4.197,0.319,0.065,-0.502,-0.654,-0.893,1.076,-0.7,-0.863,-2.983,-0.44,2.619,8.094,8.419,11.423,11.537,13.528,14.065,11.413,11.294,11.374,6.856,3.574,5.267,6.909,7.929,9.725,9.761,9.072,8.479
0.0,1.126,2.149,2.038,3.136,3.963,5.41,5.925,7.917,9.651,11.273,12.26,11.273,12.111,14.417,15.875,17.094,19.562,20.702,27.169,25.08,24.028,25.637,21.468,26.193,26.152,26.089,27.121,27.54,26.836,25.048,26.804,25.436,25.322,24.562,26.099,25.907,24.016,24.42,27.0,28.834,27.748,25.871,25.293,26.899,27.864,25.203,24.672,25.726,24.58,26.196,29.68,28.44,26.864,26.817,29.734,37.169,35.795,35.147,36.461
0.0,-1.096,-0.25,-2.828,-6.448,-7.644,-9.05,-9.585,-12.365,-12.416,-12.845,-13.712,-14.137,-16.13,-15.658,-17.491,-19.39,-20.096,-18.838,-17.689,-17.179,-16.679,-15.734,-16.517,-16.936,-16.813,-16.605,-17.452,-16.258,-14.919,-14.569,-15.142,-15.26,-16.772,-17.255,-18.766,-19.839,-20.6,-20.777,-22.716,-26.75,-29.537,-31.781,-32.608,-31.526,-33.371,-34.761,-37.09,-37.454,-36.644,-37.214,-38.409,-37.739,-38.859,-37.927,-37.866,-38.974,-39.6,-40.462,-39.653
0.0,-0.916,-0.04,-4.23,-6.827,-6.065,-8.984,-15.905,-19.662,-21.693,-25.152,-25.707,-26.483,-24.239,-19.262,-17.351,-13.662,-19.502,-14.776,-17.685,-17.034,-16.273,-12.021,-10.884,-9.008,-9.351,-6.379,-4.064,3.83,1.885,-0.879,-2.24,-7.533,-6.897,-4.041,-1.674,3.735,5.22,6.477,3.592,3.247,-0.718,0.92,-3.229,2.129,2.718,8.602,11.479,17.177,21.462,23.893,26.048,26.688,29.734,30.521,32.993,33.441,33.691,35.306,34.868
0.0,-2.173,-4.353,-5.456,-4.83,-9.332,-8.99,-10.341,-8.799,-8.451,-11.905,-12.912,-14.225,-14.597,-15.482,-15.596,-12.832,-13.794,-15.916,-14.995,-14.406,-14.477,-14.748,-18.899,-19.015,-24.213,-22.402,-24.402,-30.371,-34.751,-40.764,-49.061,-53.482,-58.783,-62.703,-67.159,-77.247,-82.746,-89.691,-88.553,-91.419,-91.45,-92.526,-89.641,-90.324,-90.889,-91.122,-90.362,-90.936,-89.775,-90.633,-91.725,-89.87,-91.149,-90.491,-92.823,-94.645,-96.942,-95.76,-94.942
0.0,-1.631,-5.431,-5.716,-8.383,-11.094,-10.946,-11.913,-11.599,-11.315,-12.469,-13.131,-12.416,-11.71,-10.597,-10.619,-11.189,-10.416,-3.827,-0.416,-2.061,-3.57,-3.46,-3.878,-4.63,-4.607,-4.409,-6.88,-6.94,-7.345,-5.821,-11.565,-12.158,-11.932,-11.637,-11.882,-13.41,-13.437,-14.716,-14.411,-14.548,-14.846,-12.835,-13.16,-13.248,-12.803,-11.563,-8.78,-9.308,-9.396,-8.789,-6.961,-5.745,-7.522,-8.214,-9.101,-8.718,-9.472,-8.91,-10.531
0.0,-1.728,-4.453,-8.946,-10.981,-12.499,-11.419,-13.325,-19.103,-24.624,-27.468,-25.875,-29.837,-33.879,-30.368,-35.343,-34.796,-31.16,-31.437,-28.158,-31.674,-31.656,-36.565,-37.873,-40.812,-41.496,-42.597,-47.072,-45.286,-45.157,-48.623,-50.137,-50.444,-51.924,-56.668,-59.018,-64.914,-69.985,-71.662,-71.524,-70.65,-73.068,-73.331,-74.041,-71.886,-76.059,-76.555,-79.3,-77.664,-73.716,-66.989,-67.601,-66.614,-66.352,-63.675,-59.838,-56.899,-57.045,-57.589,-56.897
0.0,0.022,0.096,-0.609,0.293,-0.296,2.639,2.967,7.164,6.207,3.397,0.4,-1.69,-0.13,1.894,1.999,2.239,2.217,1.957,1.26,2.995,1.9,1.725,2.352,4.94,10.453,9.688,9.704,9.844,9.722,12.113,13.721,15.684,16.672,15.027,15.457,15.38,16.515,16.276,19.813,22.248,24.046,26.598,26.954,28.635,29.139,29.84,31.552,32.685,35.112,37.371,38.099,37.09,37.899,38.126,37.97,36.571,37.287,36.052,33.983
0.0,-3.752,-1.279,-2.705,-5.231,-9.183,-12.172,-15.676,-18.755,-20.318,-22.172,-26.12,-27.374,-29.93,-27.867,-27.704,-27.329,-27.939,-27.526,-26.249,-27.027,-27.491,-23.326,-20.406,-19.992,-19.514,-14.114,-10.797,-7.064,-5.379,-2.323,-1.506,2.315,6.546,8.86,12.259,17.419,24.984,26.431,27.283,30.044,33.153,33.573,35.081,37.334,40.264,43.965,44.454,49.029,50.73,51.455,51.496,53.523,53.739,53.506,53.635,54.477,54.802,56.713,55.931
0.0,1.033,2.929,4.761,6.198,7.963,7.043,4.764,6.922,6.975,5.34,3.381,2.097,3.713,4.772,4.263,4.247,4.745,-2.036,-4.03,-7.955,-6.807,-4.078,-4.202,-5.515,-2.979,-6.482,-7.564,-4.416,-7.863,-4.325,-7.911,-4.189,-6.88,-3.584,-5.638,1.942,10.319,11.091,15.722,9.709,4.475,6.253,8.843,7.702,10.401,6.736,-3.416,-6.435,-6.022,6.079,9.692,8.504,0.085,1.764,6.023,1.595,11.66,20.432,19.022
0.0,2.198,-0.993,0.074,-1.366,-3.609,-7.813,-9.593,-9.509,-8.197,-6.7,-7.084,-6.917,-7.522,-8.16,-8.873,-9.077,-9.037,-6.588,-4.17,-4.429,-3.137,-2.985,-0.45,0.408,1.049,-1.547,-0.361,0.492,-0.636,-0.167,-0.724,2.289,4.706,6.043,4.536,4.118,5.195,9.832,11.196,13.28,13.104,15.92,18.099,19.24,20.962,22.863,21.827,20.447,23.213,25.528,26.287,28.356,30.796,29.742,29.434,26.413,32.109,31.443,30.304
0.0,0.112,0.498,1.302,1.999,1.546,1.298,0.403,-3.466,-1.711,-2.516,-6.214,-6.087,-6.81,-7.785,-13.204,-14.891,-15.855,-18.244,-26.55,-25.492,-26.034,-31.449,-34.744,-37.884,-42.775,-45.619,-46.956,-49.689,-55.533,-56.072,-57.241,-57.413,-55.896,-58.146,-57.734,-56.414,-56.619,-55.172,-56.041,-55.668,-55.754,-54.69,-52.434,-48.78,-52.635,-52.73,-51.523,-52.427,-49.975,-46.897,-47.058,-48.653,-48.102,-48.644,-48.818,-45.397,-49.59,-39.568,-42.09
0.0,2.083,3.036,7.071,9.736,15.209,17.637,18.274,20.525,21.268,21.841,20.331,22.235,25.259,28.086,31.585,34.323,34.833,36.416,38.072,44.356,47.698,49.535,50.881,51.233,51.016,52.606,58.256,54.431,52.284,52.745,56.026,59.087,57.828,53.753,53.707,52.896,55.371,55.069,52.875,52.193,49.822,47.249,47.661,47.12,44.131,42.1,41.26,37.213,32.176,27.635,29.362,30.712,30.371,27.077,24.785,23.986,21.027,18.233,14.295
0.0,7.194,8.775,11.218,12.759,17.034,17.587,16.806,18.591,29.435,26.235,25.754,28.802,30.202,27.646,25.054,24.217,26.508,31.707,29.225,27.458,27.125,24.697,23.946,24.342,25.311,25.319,24.949,24.402,22.288,25.167,26.503,25.935,25.008,24.847,24.148,24.393,24.891,22.719,21.308,23.563,26.264,29.353,33.538,36.877,44.224,44.783,43.48,43.335,43.916,44.258,42.464,42.71,43.93,43.034,40.288,43.179,45.014,45.358,40.641
0.0,0.968,1.731,3.116,2.718,4.63,4.805,9.928,12.719,14.197,13.498,12.97,12.411,13.74,16.544,18.625,20.085,21.224,23.17,23.696,23.91,23.271,22.448,21.627,21.118,20.398,20.935,19.729,20.17,21.024,21.257,19.999,20.348,19.471,19.466,21.681,19.263,17.429,16.662,15.496,16.186,16.918,17.766,18.604,14.727,13.384,14.136,14.808,18.319,19.766,19.965,21.465,22.659,22.782,23.753,24.868,25.946,26.522,27.054,28.065
0.0,0.289,-2.486,1.458,-9.047,-10.168,-16.558,-11.412,-18.029,-31.997,-38.614,-40.084,-54.052,-56.258,-63.574,-59.542,-59.641,-54.306,-52.632,-56.397,-50.251,-27.69,-27.822,-30.641,-36.84,-30.137,-24.284,-23.515,-4.593,-6.569,1.949,-0.654,-2.595,-3.496,-8.367,-9.157,-10.669,-13.827,-17.229,-7.434,3.585,4.454,-5.557,-2.626,-5.362,-23.265,-28.449,-32.947,-37.846,-33.712,-35.705,-39.245,-45.972,-56.043,-58.202,-61.035,-60.822,-65.14,-62.68,-65.558
0.0,0.0,0.0,0.0,0.0,0.0,0.0,0.0,0.0,0.0,0.0,0.0,0.0,0.0,0.0,13.739,15.049,15.016,12.61,9.723,8.154,0.0,1.927,8.246,4.01,0.0,0.0,0.0,3.568,0.0,0.0,0.0,13.111,27.356,26.125,24.605,23.189,23.408,24.609,24.409,22.899,21.978,19.823,20.673,19.667,18.981,20.752,30.873,32.439,36.902,38.93,38.523,38.449,37.356,36.88,36.898,36.73,37.161,36.977,36.893
0.0,-0.624,-1.744,-2.656,-2.009,-2.69,-3.709,-3.477,-2.859,-2.389,-2.321,-2.366,-1.511,-1.339,-1.101,-2.261,-2.217,-1.963,-2.135,-2.315,-1.86,-3.13,-2.015,-1.455,0.731,3.64,3.675,3.015,4.178,5.781,7.48,7.276,7.753,7.21,7.534,7.191,6.709,8.899,11.236,11.668,12.386,15.285,28.289,29.492,31.62,30.416,31.866,32.06,30.187,30.928,30.569,29.148,28.758,28.262,29.378,28.886,27.616,24.967,23.212,22.221
0.0,-4.086,-4.923,-1.465,-5.132,0.427,-2.828,-14.305,-14.065,-19.228,-7.966,-23.973,-6.117,4.448,-8.437,5.59,-5.711,7.129,6.39,12.16,0.4,6.65,3.244,-1.877,3.543,-11.961,-17.315,-19.536,-22.16,-27.388,-29.602,-32.356,-33.334,-34.52,-35.858,-40.201,-47.822,-51.305,-52.229,-54.087,-55.036,-56.506,-57.709,-59.051,-58.629,-62.185,-62.232,-64.69,-64.408,-66.042,-70.581,-67.868,-67.993,-68.393,-61.742,-62.11,-67.319,-69.344,-68.94,-63.099
0.0,2.937,3.675,-8.475,-22.925,-26.828,-26.932,-21.317,-19.31,-19.262,-22.899,-23.318,-26.28,-27.566,-26.698,-23.591,-20.443,-18.964,-17.97,-17.482,-16.975,-19.191,-19.726,-20.025,-20.788,-22.238,-25.662,-25.555,-23.976,-22.709,-37.949,-38.4,-34.339,-31.95,-31.387,-31.808,-35.652,-36.465,-34.546,-35.578,-35.235,-39.203,-39.466,-39.543,-38.61,-43.192,-46.195,-41.146,-45.157,-42.642,-40.095,-44.916,-47.508,-44.942,-37.027,-37.635,-37.084,-38.707,-43.171,-40.008
0.0,-0.361,-3.633,-5.363,-5.122,-4.551,7.367,9.975,14.416,11.794,5.606,1.3,-1.319,-4.93,-3.783,-3.862,-3.359,-2.604,-2.801,-4.636,-8.204,-11.497,-13.952,-16.205,-16.471,-15.278,-15.056,-20.717,-22.207,-17.774,-18.397,-22.798,-26.272,-27.209,-24.625,-23.19,-21.839,-22.712,-23.622,-23.232,-26.541,-30.296,-33.373,-36.095,-36.933,-36.454,-35.063,-32.973,-29.261,-23.872,-21.106,-21.068,-21.039,-19.382,-19.462,-18.36,-17.059,-19.254,-22.865,-28.207
0.0,-2.612,-3.798,-1.197,-0.801,-3.473,-6.968,-7.162,-6.525,-1.879,-0.203,1.819,-0.084,-1.281,-0.718,-1.644,4.617,4.995,5.147,7.66,12.813,13.82,11.857,12.026,9.489,5.641,9.688,16.231,19.451,19.754,21.093,21.926,23.605,23.843,25.761,24.446,24.142,25.785,25.384,25.076,23.576,23.531,23.031,22.542,22.91,21.288,22.255,19.938,19.333,18.777,18.938,19.895,18.996,-7.163,11.815,8.1,7.589,3.156,0.516,1.526
0.0,6.988,4.577,4.745,4.123,2.861,0.996,8.19,8.055,8.718,12.748,9.423,14.009,14.732,17.939,18.784,22.239,26.61,28.295,26.649,22.081,21.037,23.32,22.084,22.468,22.173,22.901,21.281,21.402,20.713,19.92,18.114,17.191,16.08,12.189,11.512,14.078,17.61,17.612,16.624,16.296,16.079,18.029,17.668,14.627,10.315,14.094,16.187,16.378,12.922,9.526,8.027,10.463,13.625,16.94,15.857,15.381,17.384,23.73,28.005
0.0,-4.02,-1.444,-1.024,-1.873,-1.227,-0.616,0.249,0.304,1.469,3.803,17.129,24.644,27.487,30.7,33.121,38.249,39.847,39.664,39.426,40.555,38.824,39.599,41.01,46.148,49.286,50.499,51.061,51.03,53.837,54.615,56.69,57.466,58.829,60.537,63.16,64.784,64.548,65.705,67.865,70.438,71.623,70.063,66.062,65.254,64.344,72.245,80.513,82.441,86.015,85.826,85.917,89.353,91.584,93.837,93.491,92.431,90.642,85.771,83.528
0.0,-0.68,0.443,1.177,1.1,1.548,2.423,2.961,2.931,4.604,4.936,4.998,5.57,5.854,6.163,5.069,3.58,4.397,3.844,1.907,1.222,1.794,1.889,0.812,2.326,2.683,1.483,0.287,-0.222,-0.804,-0.831,-0.482,0.184,0.08,-1.28,-4.682,-4.926,-5.17,-5.578,-5.121,-3.187,-3.964,-3.601,-3.711,-3.631,-6.533,-6.259,-7.538,-7.429,-7.775,-8.161,-7.136,-7.08,-6.706,-5.944,-5.78,-4.598,-3.609,-4.086,-3.7
0.0,-0.321,-0.528,0.052,0.449,-0.319,0.073,1.247,1.673,1.144,1.206,10.142,3.204,-0.518,-3.819,-3.942,-3.372,-3.516,-3.779,-5.655,-5.03,-5.405,-4.657,-3.585,-4.542,-5.636,-8.154,-6.433,-6.34,-5.24,-5.522,-4.093,-2.24,-2.89,-1.577,-0.022,-0.764,-1.067,-2.35,-12.183,-16.762,-18.447,-17.43,-16.737,-15.478,-13.534,-11.439,-10.35,-8.592,-9.917,-10.196,-9.959,-10.858,-12.453,-13.544,-13.058,-13.816,-14.255,-14.631,-14.762
0.0,0.894,1.179,1.222,1.372,1.126,1.925,3.005,5.264,4.274,3.564,3.224,1.79,2.171,1.071,3.257,4.985,4.719,3.655,14.603,13.537,12.66,11.976,13.66,16.788,18.212,17.399,21.498,21.844,21.33,21.537,23.877,25.794,26.709,27.033,31.152,32.36,30.573,30.353,30.366,26.947,30.342,31.22,26.243,27.221,28.302,28.457,29.703,28.728,25.717,24.508,25.652,23.638,24.121,22.889,23.476,19.916,16.841,17.039,24.966
0.0,-2.308,-3.644,-2.977,-5.349,-6.403,-8.396,-9.372,-11.374,-15.595,-18.151,-20.109,-18.305,-15.229,-15.278,-28.084,-35.14,-36.957,-31.959,-30.713,-31.763,-32.308,-33.628,-33.159,-34.525,-33.916,-32.541,-30.458,-31.46,-33.996,-41.429,-42.801,-35.607,-32.735,-32.059,-32.13,-28.386,-24.416,-23.988,-23.358,-26.674,-28.823,-31.77,-33.691,-33.711,-34.915,-37.547,-40.068,-44.145,-46.097,-47.249,-49.328,-52.756,-53.495,-55.683,-53.252,-52.222,-52.714,-55.76,-59.194
0.0,-1.136,-1.726,1.534,16.293,17.07,19.651,17.399,17.951,19.58,22.465,31.57,32.739,32.538,33.746,35.353,37.689,38.51,39.195,44.347,45.927,46.969,46.887,46.237,46.066,47.588,48.965,48.373,46.895,49.985,51.539,54.845,59.763,59.701,59.077,56.668,56.01,55.329,52.834,52.956,50.905,48.68,45.618,42.598,41.843,43.105,49.05,54.581,51.887,55.655,54.492,59.688,59.864,60.714,60.411,61.132,61.722,60.092,60.33,60.564
0.0,7.203,7.538,7.896,15.959,24.064,26.564,23.201,24.027,28.932,30.682,31.729,31.616,35.931,34.246,29.51,28.172,25.027,22.896,18.606,18.664,13.991,6.131,1.69,1.28,3.113,3.981,7.305,8.356,8.724,5.18,2.705,1.195,-2.387,-6.661,-7.669,-7.204,-5.918,-4.29,0.191,2.17,-2.122,-3.964,-7.802,-9.425,-7.3,-5.479,-3.659,-3.499,-3.638,-3.254,-5.239,-5.149,-4.931,-7.265,-5.379,-2.85,-0.059,1.141,2.802
0.0,1.364,1.099,-0.886,-1.957,-3.769,-4.772,-3.438,-3.546,-1.724,-0.01,1.52,4.518,6.616,7.301,6.632,5.686,6.342,6.03,6.409,6.688,7.163,7.797,7.242,7.193,7.275,7.179,7.425,8.61,9.708,9.875,9.867,11.585,12.187,13.914,19.705,22.628,26.506,28.226,29.962,31.79,35.853,37.743,40.947,41.396,40.768,41.978,42.546,44.29,49.535,49.985,52.798,51.935,51.8,52.186,52.166,51.778,53.389,55.008,52.478
0.0,0.248,1.494,0.187,2.803,3.139,4.128,2.884,1.879,1.419,2.455,4.422,8.697,9.081,16.785,13.862,9.183,1.04,5.172,9.089,10.173,10.026,11.312,11.281,9.801,6.112,5.065,2.817,2.597,3.315,5.345,7.812,9.556,11.215,13.67,16.643,17.928,20.178,19.656,32.659,31.887,31.103,32.71,26.971,22.895,20.483,21.566,23.03,21.821,22.084,23.547,26.239,26.797,27.269,28.051,27.956,27.081,27.677,27.594,27.727
0.0,2.029,2.288,-2.092,-1.499,0.693,-1.418,-3.769,-0.458,2.155,1.612,-2.157,2.67,2.298,2.074,7.356,8.841,11.945,10.562,8.902,10.28,8.736,9.364,10.676,4.57,1.747,3.29,4.819,7.251,6.616,-8.294,-5.312,-1.691,-1.661,-0.29,-2.787,-3.292,-5.528,-7.082,6.579,15.038,15.284,15.075,19.883,22.557,27.479,30.939,32.753,35.329,32.141,34.265,33.97,24.853,24.305,18.409,10.427,2.753,-1.818,-6.443,-15.197
0.0,0.731,1.819,-0.277,4.823,3.691,3.254,3.036,8.404,8.534,4.368,2.641,0.449,-3.989,-1.945,2.298,0.608,0.43,0.49,-3.587,-8.372,-7.617,-6.728,-22.542,-25.432,-24.238,-24.129,-24.4,-24.426,-22.041,-20.192,-19.391,-21.201,-23.418,-20.107,-19.855,-15.981,-14.059,-10.834,-11.908,-6.788,-0.672,-0.144,-0.826,5.749,15.261,24.919,31.344,32.002,27.188,25.096,23.33,20.904,18.856,18.1,19.223,20.8,25.264,30.403,31.195
0.0,0.0,0.0,0.0,0.0,0.0,0.0,0.0,0.0,0.0,0.0,0.0,0.0,0.0,0.0,0.0,0.0,0.0,0.0,0.0,0.0,0.0,0.0,0.0,0.0,0.0,0.0,0.0,0.0,0.0,0.0,0.0,0.0,0.0,0.0,0.0,0.0,0.0,0.0,0.0,0.0,0.0,7.018,0.0,0.0,0.0,0.0,0.0,0.0,0.0,0.0,0.0,0.0,0.0,0.0,0.0,0.0,0.0,0.0,0.0
0.0,1.861,4.004,5.467,6.052,13.815,13.229,13.118,13.831,13.517,10.8,9.716,10.825,13.414,16.391,19.347,18.95,17.681,18.862,18.054,15.352,14.608,12.759,9.557,7.203,7.148,5.996,6.909,6.728,3.955,2.431,0.38,0.295,-0.323,-3.492,-2.041,-2.216,-4.527,-5.096,-4.675,-3.885,-13.13,-18.632,-21.867,-23.732,-30.182,-32.731,-44.066,-44.066,-44.066,-44.066,-44.066,-44.066,-44.066,-44.066,-44.066,-44.066,-44.066,-44.066,-44.066
0.0,3.64,-3.869,-6.081,-3.063,-3.832,-5.716,-5.099,-5.433,-0.666,-2.536,-4.371,-4.155,-3.315,-6.478,-10.275,-13.341,-11.368,-5.539,-3.442,-3.782,-3.399,-5.286,-10.761,-3.144,1.393,0.545,-0.246,1.885,-4.288,-0.948,2.778,9.743,9.839,2.908,1.694,8.36,14.805,12.666,11.595,11.265,9.996,7.321,11.823,22.593,26.139,22.707,19.123,22.495,23.602,26.757,29.157,34.69,32.072,31.408,32.477,33.838,34.216,33.844,34.689
0.0,7.748,20.178,21.339,25.163,27.105,27.393,28.284,30.745,31.241,30.284,32.696,31.002,30.934,29.777,27.571,24.959,24.656,23.855,24.032,26.606,25.988,26.32,27.692,27.681,26.2,27.814,27.463,25.275,34.542,35.497,38.167,38.354,41.754,46.597,49.851,54.815,55.928,54.844,56.534,56.714,57.393,58.867,60.095,60.118,62.333,65.742,64.613,61.825,60.852,61.735,61.954,58.973,61.58,60.373,61.762,59.116,58.211,58.85,60.013
0.0,-1.743,-1.406,-5.342,-7.368,-9.087,-11.529,-12.75,-13.221,-14.086,-15.485,-17.983,-22.806,-26.027,-27.292,-29.474,-32.491,-33.341,-32.723,-33.826,-34.175,-32.384,-30.078,-29.345,-32.992,-36.629,-39.285,-42.136,-44.191,-45.797,-48.422,-52.03,-54.987,-57.358,-58.024,-56.868,-55.506,-54.246,-53.648,-53.919,-53.249,-53.103,-52.454,-54.158,-55.398,-56.224,-58.69,-60.486,-59.965,-58.243,-61.234,-61.925,-61.064,-61.564,-63.513,-65.679,-66.54,-68.506,-72.316,-72.866
0.0,0.0,0.0,0.0,0.0,0.0,0.0,0.0,0.0,0.0,0.0,0.0,9.936,5.136,16.219,17.529,20.766,22.633,21.293,24.207,26.566,28.923,32.829,32.739,36.129,39.281,39.992,43.03,45.851,47.985,49.04,49.083,51.4,53.581,56.278,58.525,59.82,60.542,60.387,60.506,60.478,60.689,62.206,62.747,62.589,63.939,64.569,65.177,65.841,66.684,67.217,67.732,68.049,68.748,68.835,68.661,69.45,68.991,73.257,78.216
0.0,-1.471,0.0,-0.735,0.735,2.205,0.735,-0.735,-0.735,0.0,-2.941,-2.893,-2.751,-3.28,-0.248,-4.499,-5.402,-5.146,-6.508,-5.82,-5.89,-8.74,-9.788,-8.612,-8.611,-6.291,-4.459,-3.275,-7.976,-5.081,-6.933,-7.589,-9.232,-7.714,-9.252,-9.975,-9.137,-8.128,-10.661,-10.094,-7.157,-9.916,-8.549,-10.584,-10.937,-8.81,-6.225,-6.54,-4.81,-7.594,-8.935,-5.547,-3.637,-2.55,-0.602,3.894,9.378,13.802,11.17,5.925
0.0,-6.78,-6.054,-12.116,-11.403,-16.0,-16.106,-18.002,-18.763,-17.018,-10.911,-4.967,-9.043,-7.9,-7.158,-3.435,-2.248,-3.209,-3.258,-5.261,-2.617,-0.226,-3.962,-9.652,-10.95,-10.838,-9.202,-5.594,-3.959,-0.248,7.706,8.572,9.775,9.971,12.733,11.884,13.602,13.886,12.136,10.629,10.415,13.593,15.334,18.027,19.86,20.48,21.921,23.151,23.308,35.586,35.911,33.759,31.842,38.516,33.717,31.85,53.655,52.775,53.742,54.849
0.0,0.978,3.542,6.905,7.026,6.559,9.918,14.377,15.166,16.716,17.939,17.467,16.698,17.309,18.396,19.164,21.187,24.44,25.834,26.707,27.308,28.602,30.191,31.089,34.179,34.027,32.573,32.683,32.999,35.904,36.095,38.398,41.65,42.084,44.124,45.11,46.403,47.941,48.806,51.0,51.79,55.607,56.921,58.874,59.075,59.269,58.877,56.13,51.177,48.931,48.165,47.894,48.704,49.314,49.796,51.239,52.599,49.535,49.221,50.657
0.0,-1.143,-2.721,-1.841,-2.137,-0.309,-0.767,-2.367,-2.137,-2.398,-5.621,-1.026,0.129,2.735,4.401,6.555,6.768,2.039,-1.137,-1.151,0.081,0.817,1.109,0.446,-0.925,-0.297,-2.461,0.974,3.339,2.281,9.301,8.616,3.827,8.373,6.937,3.554,4.83,4.663,4.823,4.9,5.852,4.773,5.028,5.604,5.503,7.95,25.494,30.36,39.593,36.829,33.1,34.25,29.686,24.446,21.743,14.742,13.186,13.154,12.262,9.63
0.0,-0.78,-6.274,-4.467,-3.002,2.996,6.646,9.831,11.852,13.386,19.401,22.196,23.961,24.177,25.698,28.487,30.644,30.558,34.882,38.712,38.649,37.223,35.944,36.949,36.091,35.61,35.886,33.423,32.231,31.809,30.424,29.736,28.998,29.881,30.139,27.226,16.585,13.85,10.776,9.792,6.279,-1.163,-0.628,-2.297,-6.764,-8.002,-8.954,-8.276,-1.997,-4.307,-5.711,-8.934,-8.595,-15.068,-21.677,-26.556,-32.448,-33.325,-39.562,-44.639
0.0,-0.697,0.14,1.153,3.412,2.949,1.591,1.308,-1.601,-2.765,0.33,5.834,13.433,12.403,10.942,11.485,11.745,10.754,11.543,14.506,15.569,15.511,16.964,16.719,15.616,17.771,17.607,18.293,17.849,17.391,17.949,16.161,17.62,20.754,24.409,30.614,34.708,35.838,35.817,36.299,37.154,37.988,36.072,37.297,37.935,38.175,37.955,39.741,39.63,40.271,41.003,42.182,43.174,42.847,43.567,43.105,43.003,41.682,40.712,40.127
0.0,-0.105,-0.631,-2.045,-0.749,0.305,2.086,2.901,2.883,3.729,3.66,2.124,0.715,5.553,7.91,10.271,11.644,13.164,13.779,15.912,16.916,16.443,15.693,15.369,15.557,16.04,16.354,15.816,15.543,16.467,16.488,16.207,16.199,17.711,30.311,34.697,35.703,34.684,35.426,33.337,27.391,20.613,17.467,27.146,38.359,44.047,49.862,53.994,57.793,59.189,57.392,56.381,58.331,57.693,57.286,53.722,51.094,51.059,50.625,51.055
0.0,0.202,3.04,4.331,5.509,10.193,10.729,12.984,13.855,15.857,16.685,16.386,16.366,18.294,16.948,16.221,15.498,12.138,7.75,6.949,4.764,3.168,2.263,1.809,3.028,4.222,4.339,6.933,6.812,5.537,4.595,4.145,3.696,4.741,0.576,1.384,2.009,2.743,2.712,1.501,3.542,2.558,2.489,3.489,-1.886,-8.096,-8.497,-7.651,-3.626,-3.385,-5.369,-6.436,-8.096,-6.693,-4.021,-2.976,6.172,16.288,10.493,10.24
0.0,1.099,2.605,1.914,-1.296,-5.108,-7.793,0.667,-3.348,-1.25,2.468,3.693,3.057,3.501,6.202,7.474,6.559,2.754,3.464,0.971,-0.137,-0.334,1.144,0.311,1.059,2.319,3.062,4.979,7.282,6.744,7.445,6.988,7.566,7.942,8.088,9.939,12.909,14.771,15.188,15.892,16.242,15.138,14.377,14.324,14.825,14.068,12.955,11.13,10.338,10.023,10.265,9.393,6.357,4.729,4.296,3.438,4.736,5.776,7.006,6.557
0.0,0.224,-1.815,-7.352,-8.725,-12.337,-11.808,-12.036,-26.806,-34.348,-34.825,-36.4,-38.12,-42.38,-44.811,-42.692,-46.125,-46.992,-44.846,-43.6,-47.369,-48.45,-55.197,-57.521,-55.537,-55.023,-54.723,-57.176,-61.141,-59.996,-60.422,-63.1,-60.518,-59.565,-55.905,-57.181,-54.874,-57.332,-60.385,-59.948,-60.045,-67.188,-71.15,-77.061,-80.881,-82.229,-86.881,-86.798,-85.678,-93.186,-94.445,-91.941,-91.771,-92.646,-94.981,-99.469,-100.835,-100.055,-102.37,-105.827
0.0,-3.316,-1.177,-1.705,-2.691,2.964,5.961,4.577,5.138,9.012,14.247,16.944,20.786,27.482,28.476,29.051,33.93,38.759,41.466,47.35,51.289,51.418,51.262,53.187,53.355,52.877,51.665,52.29,51.704,51.641,52.806,56.883,60.802,60.927,59.212,61.257,61.433,62.731,62.081,63.754,64.357,64.295,64.571,66.317,66.36,67.726,65.922,65.699,63.92,61.752,62.81,63.811,64.748,66.765,65.254,63.178,62.338,66.431,70.999,72.429
0.0,-0.138,0.351,1.024,1.901,2.069,2.85,3.6,4.776,5.226,6.44,7.105,6.383,8.477,10.129,11.211,12.559,15.12,17.113,17.884,18.217,28.335,29.357,29.62,29.102,28.771,27.969,27.984,29.492,29.914,31.862,31.187,33.611,34.072,34.184,35.666,35.198,35.691,35.968,36.35,36.389,29.106,26.561,30.162,30.297,35.745,32.257,32.687,53.822,45.826,46.293,43.312,42.205,40.931,39.735,41.015,39.403,34.953,20.811,14.384
0.0,3.615,1.752,-0.061,-0.402,0.548,2.35,-0.369,-7.684,-5.608,-3.499,-5.482,-8.109,-6.307,-6.255,-4.826,-4.911,-7.474,-10.937,-10.981,-14.404,-19.115,-14.152,-12.984,-14.133,-15.128,-14.932,-15.096,-17.615,-22.896,-27.641,-28.714,-29.681,-31.185,-29.748,-28.881,-28.347,-29.552,-32.084,-32.237,-32.286,-29.615,-27.432,-26.329,-25.511,-23.783,-24.382,-24.4,-22.612,-21.99,-23.939,-24.476,-26.338,-28.664,-29.773,-30.745,-28.164,-26.259,-24.493,-26.146
0.0,0.751,-0.247,-0.69,2.073,3.37,4.04,4.005,3.556,3.883,4.524,5.619,7.419,7.526,8.414,8.143,8.287,7.74,6.475,6.343,6.166,5.678,7.497,9.656,11.349,11.147,11.523,10.145,9.593,9.196,7.618,6.003,4.0,1.064,-3.694,-3.654,-4.845,-1.765,-0.374,-0.138,1.002,1.289,4.462,4.953,5.751,6.677,7.477,6.68,6.082,4.484,5.064,5.945,8.284,8.068,8.401,9.614,10.52,11.859,12.297,13.688
0.0,0.832,2.204,2.892,3.027,4.088,2.934,1.59,1.443,1.258,0.803,-0.227,0.408,2.007,1.076,1.275,-1.069,-1.171,-0.51,-0.993,-0.218,-0.709,-1.001,-2.213,-1.245,-2.656,-4.626,-5.477,-6.033,-5.267,-3.33,3.616,4.033,1.735,2.182,1.427,0.007,1.867,3.657,6.116,12.823,14.32,15.661,15.067,14.567,13.186,13.458,15.314,16.013,13.942,13.252,10.422,8.933,8.18,11.804,15.975,18.81,30.944,36.133,39.706
0.0,2.391,5.371,4.821,4.409,1.875,2.33,-0.845,0.54,2.7,3.363,1.068,-2.054,-4.846,-4.52,-5.937,-5.406,-3.338,-3.759,-5.63,-8.258,-12.289,-12.385,-14.367,-13.401,-14.267,-16.029,-15.493,-15.103,-13.226,-12.49,-14.282,-14.402,-19.797,-20.018,-17.626,-20.201,-19.668,-20.733,-23.47,-24.656,-30.074,-32.23,-35.923,-41.364,-43.019,-43.332,-41.004,-40.247,-39.766,-40.302,-40.172,-38.958,-39.405,-40.012,-40.06,-38.595,-38.668,-40.253,-39.831
0.0,-0.047,-0.88,-0.697,-1.192,-1.249,-2.474,-7.181,-5.413,-4.221,-3.531,-4.559,-6.846,-6.239,-10.388,-7.637,-6.503,-5.949,-8.003,-6.712,-9.026,-6.57,-3.906,-6.294,-10.937,-10.719,-2.522,2.556,1.106,-3.493,-2.687,-1.267,-3.115,-7.794,-13.489,-11.413,-16.731,-16.158,-17.085,-16.476,-40.011,-44.279,-38.877,-38.817,-36.64,-35.456,-36.488,-37.658,-39.086,-38.505,-40.195,-39.492,-37.752,-37.226,-34.745,-32.584,-32.376,-32.053,-31.125,-30.734
0.0,-0.897,2.645,11.605,15.027,17.807,18.936,19.232,20.678,21.02,19.376,17.89,18.781,17.107,15.971,14.799,14.19,11.506,4.483,6.778,11.658,13.377,13.012,10.9,8.289,7.292,1.522,0.844,-1.586,-2.404,0.128,9.422,12.525,14.135,13.4,11.167,6.583,5.776,6.157,4.665,4.722,6.154,7.566,20.126,24.463,26.975,27.443,26.708,25.717,26.288,28.363,28.541,27.555,28.955,26.085,29.1,29.955,29.244,30.585,29.829
0.0,-1.862,6.192,8.861,6.686,3.739,-0.567,-5.334,-3.826,-5.395,-6.954,-14.817,-16.364,-18.82,-20.605,-22.015,-19.805,-19.029,-20.721,-22.629,-29.113,-26.059,-23.489,-23.326,-22.298,-25.581,-33.557,-31.885,-31.046,-31.261,-32.706,-36.69,-35.553,-33.018,-33.107,-33.733,-33.673,-36.846,-39.878,-36.676,-36.178,-39.688,-43.665,-44.422,-46.17,-49.052,-46.833,-50.643,-54.066,-53.706,-59.611,-56.915,-54.387,-52.503,-53.776,-52.937,-53.362,-54.124,-53.227,-53.103
0.0,1.101,1.571,1.474,1.975,1.9,2.85,1.642,1.581,2.067,4.589,3.595,3.131,3.5,0.271,-7.584,-10.245,-11.137,-12.08,-11.971,-9.859,-14.877,-16.648,-19.145,-28.646,-26.363,-23.802,-25.312,-40.177,-38.34,-38.767,-38.548,-41.521,-39.052,-37.188,-38.807,-40.569,-36.735,-34.814,-35.831,-37.315,-33.584,-30.698,-31.844,-37.776,-37.251,-37.09,-37.616,-38.736,-39.525,-42.43,-48.26,-54.033,-55.677,-57.322,-53.271,-51.941,-51.513,-53.615,-52.95
0.0,0.966,-0.196,-1.554,-0.86,1.764,5.178,6.627,7.586,7.315,5.781,3.4,-1.598,-2.98,-3.765,-6.383,-7.28,-9.024,-8.982,-10.591,-9.834,-9.573,-6.257,-6.773,-5.249,-6.008,-6.0,-7.375,-8.453,-8.01,-8.312,-8.323,-8.872,-9.111,-8.238,-8.56,-7.824,-5.493,-4.004,-3.954,-4.124,-5.634,-5.902,-4.075,-1.971,-0.367,1.419,2.002,1.898,-0.617,0.697,1.25,1.36,0.128,-2.226,-4.409,-3.721,-3.669,-6.113,-6.068
0.0,-0.036,1.621,3.492,4.365,6.085,8.935,11.265,13.371,15.11,16.45,17.061,17.153,16.746,16.115,15.838,14.861,16.311,19.048,19.829,19.044,20.339,21.439,24.48,26.658,27.153,26.985,24.831,21.485,21.215,19.488,18.157,15.774,14.184,16.869,18.236,18.9,17.962,16.487,17.093,14.784,13.938,15.789,13.341,11.177,7.785,7.978,4.053,8.55,12.042,14.862,15.992,18.086,19.672,19.733,19.45,18.809,18.683,15.435,14.617
0.0,5.972,5.937,7.136,5.433,3.969,6.124,5.423,7.524,17.136,15.408,17.96,17.067,16.63,17.609,18.654,18.613,21.136,23.794,27.145,27.006,29.374,31.447,30.265,32.126,34.076,36.038,35.06,37.416,39.017,38.68,37.479,36.77,36.428,38.463,39.785,40.172,42.841,44.329,43.371,42.852,44.036,44.458,44.867,45.208,43.73,44.912,44.28,43.783,41.053,43.4,43.741,42.537,45.697,48.264,49.783,50.421,51.548,46.883,41.876
0.0,1.211,4.648,9.276,12.659,16.517,13.414,10.907,6.978,6.097,8.588,13.412,21.075,24.409,23.945,25.625,23.924,24.358,26.464,28.443,31.18,45.829,49.551,48.555,49.406,45.386,45.637,42.27,42.998,43.724,43.907,46.198,48.092,48.906,47.9,49.31,51.543,53.106,54.796,57.547,58.153,58.593,59.949,59.665,57.6,55.457,54.7,53.942,53.761,54.407,55.634,58.164,57.98,57.566,58.438,55.778,52.798,51.46,51.493,50.412
0.0,-3.271,-2.423,-2.63,-1.089,3.649,1.424,1.95,2.547,2.757,4.455,4.879,0.702,-14.157,-23.711,-19.796,-20.849,-29.636,-33.003,-36.186,-38.792,-39.109,-39.418,-39.988,-41.566,-42.421,-46.048,-46.766,-49.317,-46.551,-43.577,-42.72,-43.695,-44.185,-51.508,-46.906,-45.2,-47.757,-49.923,-45.933,-45.686,-43.848,-40.783,-27.221,-23.851,-24.567,-21.759,-21.362,-23.708,-22.468,-24.623,-25.305,-44.472,-37.307,-19.643,-23.742,-23.492,-20.064,-18.275,-16.802
0.0,-1.098,-2.6,-2.645,-1.107,3.877,12.976,12.976,-3.691,-5.391,-5.399,-5.574,-6.123,-6.486,-7.661,-7.078,-6.604,-3.273,-2.358,-2.057,5.145,12.976,12.976,12.976,0.456,0.712,-4.508,-3.173,12.976,12.976,12.976,12.976,4.731,5.835,8.201,12.976,12.976,12.976,12.976,12.976,12.976,12.976,12.976,12.976,-6.448,-2.826,0.938,2.007,3.623,-2.327,-1.522,-8.492,-17.356,-20.476,-20.007,-19.208,-19.683,-16.998,-19.408,-25.958
0.0,1.121,1.193,0.259,-0.235,0.343,-0.368,-1.323,-1.236,-1.777,-2.961,-6.53,-6.644,-6.569,-7.205,-6.459,-7.228,-6.531,-5.461,-4.668,-3.953,-4.666,-4.869,-4.959,-4.674,-3.715,-3.427,-3.771,-3.846,-1.737,-2.503,-4.302,-5.033,-4.016,-4.033,-5.35,-5.873,-5.683,-5.498,-5.686,-3.815,-2.206,-1.846,-1.25,-1.525,-1.34,-1.487,-1.523,-1.167,-1.683,-0.74,-0.994,-4.958,-7.332,-9.367,-10.667,-11.986,-12.025,-10.742,-10.121
0.0,-0.236,2.108,2.708,0.952,-1.164,2.524,3.022,2.928,4.047,7.81,-6.417,5.473,4.823,5.635,1.67,-0.583,3.268,6.909,8.387,8.883,10.287,9.001,9.284,8.472,10.605,14.771,19.338,20.244,22.391,23.874,23.453,18.858,18.361,18.641,20.66,24.109,25.229,28.586,34.103,36.188,31.219,33.47,32.57,36.07,34.207,39.514,38.553,38.043,35.768,32.315,31.624,29.742,30.252,31.284,29.939,28.953,27.777,25.561,23.653
0.0,-0.615,-0.201,-2.023,-1.755,-0.715,-5.475,-6.428,-7.431,-8.507,-8.55,-8.202,-9.026,-11.98,-13.895,-15.666,-16.303,-17.328,-18.174,-19.694,-21.009,-23.502,-24.576,-26.014,-28.97,-34.261,-33.578,-33.84,-33.531,-30.59,-28.356,-29.091,-29.433,-28.125,-30.246,-28.382,-30.638,-27.338,-27.419,-29.323,-29.422,-29.613,-29.929,-34.441,-34.78,-34.963,-35.616,-37.078,-36.46,-39.049,-39.432,-40.754,-43.567,-45.242,-45.926,-48.66,-50.149,-51.368,-52.34,-52.724
0.0,4.055,14.457,16.256,14.661,12.643,10.529,8.566,16.717,20.057,18.039,16.744,14.116,8.235,8.307,10.924,10.796,8.615,9.808,14.099,14.393,16.342,19.024,19.217,19.336,17.398,18.913,21.855,25.188,26.256,30.697,30.392,27.621,27.136,31.086,30.011,41.207,41.291,40.431,40.363,47.19,47.694,54.076,54.774,56.027,54.7,53.595,51.339,49.638,48.347,46.221,46.128,48.601,49.281,49.855,49.811,48.675,45.644,44.153,45.681
0.0,1.765,2.253,3.75,7.838,5.807,3.668,3.356,-6.895,-10.185,-11.819,-9.529,-18.298,-20.524,-22.124,-23.816,-26.164,-24.514,-31.324,-34.114,-31.67,-23.543,-14.742,-13.481,-12.036,-11.411,-19.17,-21.911,-19.612,-14.424,-9.116,-4.975,-1.896,-2.698,-0.245,9.202,12.911,19.637,26.108,28.725,32.004,33.874,37.693,33.554,33.621,35.552,35.118,34.572,33.674,34.377,37.893,40.624,41.818,42.911,40.581,40.32,40.151,38.439,37.535,34.432
0.0,2.058,5.812,8.145,15.294,17.11,21.786,21.761,23.658,24.368,25.802,28.334,29.798,32.274,33.856,33.376,33.741,35.486,34.733,33.45,34.737,37.37,39.001,39.729,40.394,40.65,42.23,43.26,44.39,45.788,44.39,44.636,43.936,44.115,45.266,48.787,53.121,53.355,50.933,50.234,49.337,48.409,47.111,46.655,47.71,47.533,49.394,51.96,51.261,52.204,53.733,54.128,51.85,51.425,49.433,48.148,43.297,44.356,43.21,44.992
0.0,-6.922,-2.889,-1.808,-0.347,2.827,0.801,2.376,1.935,0.206,-4.978,-5.265,-1.822,-2.568,-0.683,-2.677,-4.454,-6.353,-12.058,-13.408,-15.098,-13.967,-12.777,-14.17,-13.291,-11.915,-12.763,-15.744,-17.927,-16.025,-12.619,-11.022,-8.731,-8.419,-13.27,-13.032,-13.162,-12.863,-11.352,-15.938,-18.733,-17.198,-14.656,-18.47,-21.766,-23.942,-27.249,-36.489,-41.018,-40.72,-38.706,-38.942,-40.003,-39.759,-40.473,-43.829,-45.4,-44.481,-42.308,-41.779
0.0,-1.021,-3.372,-4.1,-3.636,-4.204,-5.416,-6.236,-8.669,-15.288,-15.657,-16.262,-21.074,-22.048,-22.731,-23.029,-23.572,-24.251,-24.488,-26.128,-28.343,-30.255,-32.074,-34.903,-39.901,-42.354,-44.892,-43.878,-46.933,-46.61,-47.981,-48.681,-49.615,-50.063,-50.455,-51.198,-52.098,-52.51,-52.987,-53.711,-57.483,-58.322,-58.834,-60.768,-58.632,-60.288,-62.219,-64.799,-65.13,-66.305,-67.369,-66.852,-66.105,-66.905,-69.598,-69.009,-69.007,-69.569,-69.845,-72.222
0.0,2.726,3.662,4.179,4.362,8.436,16.409,19.74,24.085,24.256,24.97,29.692,31.621,32.666,34.9,38.003,37.88,36.481,37.634,37.772,38.388,38.704,40.172,40.314,39.622,39.424,39.897,41.746,41.749,43.122,43.364,44.329,44.785,45.308,43.607,44.854,45.957,43.946,43.895,44.078,43.958,41.987,42.634,40.943,42.914,44.753,43.959,43.923,43.375,41.547,41.541,42.06,43.214,43.748,43.059,43.314,44.015,43.958,43.728,41.235
0.0,0.108,0.307,0.891,4.048,5.404,6.077,10.399,10.887,22.796,26.07,27.292,31.67,44.605,43.173,37.958,38.266,39.284,44.016,45.785,44.367,44.954,44.125,47.024,48.695,49.483,52.434,50.16,46.602,49.623,47.94,51.52,50.717,49.687,52.79,54.554,52.774,52.802,51.144,49.325,48.153,45.176,46.136,43.381,42.158,42.273,41.526,39.158,38.34,38.1,29.617,30.21,32.858,34.031,31.442,30.552,31.473,32.002,33.211,32.373
0.0,-0.585,0.425,0.048,0.949,1.876,1.112,1.066,1.032,1.649,1.709,2.268,3.445,5.079,10.417,16.965,17.429,16.779,18.239,18.961,19.641,20.801,22.455,25.972,26.358,28.862,30.386,33.792,35.524,35.606,34.396,33.659,32.591,32.431,31.829,31.707,31.456,30.343,27.834,25.775,21.209,22.756,22.733,24.939,27.769,29.903,30.798,30.053,29.269,26.827,21.022,17.172,19.117,20.173,19.121,18.209,18.988,20.907,23.343,22.551
0.0,-1.196,-2.471,-10.775,-10.12,-15.645,-19.506,-20.001,-19.06,-15.22,-13.584,-13.233,-11.284,-10.834,-13.983,-13.666,-10.36,-14.858,-16.235,-17.661,-17.854,-19.703,-23.342,-24.758,-26.486,-29.152,-33.072,-49.685,-55.766,-58.168,-57.804,-57.597,-57.037,-57.262,-57.103,-55.903,-56.591,-58.754,-60.197,-59.602,-56.686,-57.685,-56.927,-56.973,-57.02,-57.329,-56.861,-55.748,-55.404,-55.555,-55.704,-57.413,-56.544,-53.116,-52.218,-51.383,-52.885,-55.645,-55.136,-54.099
0.0,0.572,-2.337,-12.475,-14.478,-15.315,-17.555,-19.928,-18.837,-21.057,-21.599,-23.66,-23.676,-31.033,-25.727,-19.422,-21.002,-16.609,-19.497,-27.816,-26.531,-22.545,-24.328,-23.247,-19.197,-20.128,-35.98,-37.977,-38.429,-42.917,-41.265,-38.546,-36.477,-31.726,-37.581,-50.021,-50.394,-51.449,-51.173,-47.919,-46.284,-49.228,-51.239,-61.649,-62.45,-78.606,-78.606,-78.173,-78.606,-78.606,-66.998,-78.606,-78.606,-78.606,-78.606,-78.606,-78.606,-78.606,-78.606,-78.606
0.0,3.291,1.081,-0.348,0.42,0.603,3.465,3.587,3.783,3.375,-6.274,-3.92,-0.899,6.096,9.525,8.779,6.111,0.679,-0.474,-0.304,2.677,2.681,2.084,1.125,0.948,-0.744,-1.593,-3.059,-8.65,-11.891,-13.199,-12.636,-13.213,-16.171,-21.549,-24.885,-25.641,-26.435,-26.56,-27.458,-28.132,-29.763,-29.311,-28.939,-30.837,-30.168,-29.102,-29.011,-29.593,-28.865,-22.505,-24.526,-26.541,-23.092,-22.534,-28.553,-28.791,-31.29,-31.437,-34.894
0.0,0.414,2.16,3.449,5.022,6.962,8.075,6.859,6.711,7.974,9.419,12.125,12.87,8.957,9.478,11.106,12.269,11.622,16.704,13.745,15.256,15.693,15.164,17.303,18.683,16.021,18.659,20.229,20.627,22.746,23.963,24.717,25.332,23.519,22.722,20.79,20.502,21.079,19.86,17.914,15.051,14.604,13.522,15.039,17.195,17.804,18.631,18.986,18.881,18.336,21.128,21.739,23.945,25.023,25.489,28.935,35.373,36.667,37.702,42.087
0.0,2.98,5.514,5.402,5.135,5.144,7.323,6.785,5.519,2.752,4.364,7.978,10.547,12.949,12.609,14.966,12.638,13.673,14.101,22.054,24.06,23.702,24.454,28.335,30.198,31.025,29.928,30.619,32.94,33.42,38.133,38.495,41.33,41.856,40.21,39.487,40.255,41.614,42.956,44.821,45.058,46.417,47.752,50.949,51.35,51.219,50.437,50.729,50.945,50.923,51.49,51.952,53.393,53.973,53.605,52.258,51.896,50.901,50.429,45.983
0.0,2.68,4.352,4.991,14.802,9.124,8.356,13.166,15.323,18.239,19.265,15.405,12.995,13.74,17.595,14.118,10.404,-3.441,1.633,8.266,15.653,15.919,24.832,24.729,34.841,29.653,29.154,31.475,31.704,29.578,34.061,41.256,45.007,49.289,46.63,43.572,45.872,63.423,57.527,50.574,50.403,50.324,53.19,67.188,63.011,63.887,65.955,63.979,64.003,63.496,66.574,65.144,63.149,64.386,68.205,64.257,64.594,66.74,67.574,67.857
0.0,-2.487,1.78,1.484,0.93,0.814,-1.443,-3.176,-7.542,-7.6,-8.707,-17.389,-26.75,-22.466,-19.381,-21.969,-23.012,-27.297,-28.063,-31.366,-31.497,-30.04,-30.746,-28.369,-28.278,-30.753,-32.123,-35.86,-38.043,-40.27,-40.927,-41.883,-40.846,-41.042,-42.028,-42.606,-46.668,-48.195,-48.322,-47.826,-46.752,-45.37,-49.174,-51.804,-54.431,-54.06,-55.029,-56.828,-58.375,-60.199,-58.971,-60.394,-59.847,-57.197,-56.546,-56.903,-57.875,-57.627,-58.3,-60.366
0.0,0.633,-0.48,0.128,-0.39,-1.509,-1.504,-24.859,-21.316,-15.358,-11.816,-10.051,-11.36,-10.38,-7.863,-8.534,-7.038,-7.288,-4.437,-2.384,0.624,-0.624,-1.907,-3.911,-5.736,-8.96,-39.12,-45.194,-47.288,-47.641,-49.37,-50.32,-50.953,-53.423,-54.266,-55.974,-56.189,-56.167,-53.363,-55.826,-53.991,-54.856,-54.809,-54.16,-53.029,-52.088,-54.616,-54.024,-57.558,-56.276,-59.255,-58.587,-62.556,-62.354,-58.573,-55.508,-54.408,-57.203,-62.077,-59.117
0.0,-4.007,-7.698,-16.918,-14.957,-14.877,-13.57,-14.152,-16.241,-16.258,-15.719,-15.187,-14.342,-15.165,-16.244,-18.442,-20.097,-22.9,-22.862,-24.406,-28.683,-27.357,-24.71,-28.369,-32.36,-36.233,-37.759,-36.086,-40.047,-41.354,-40.53,-43.351,-44.494,-45.059,-45.248,-45.282,-44.584,-44.673,-43.973,-43.124,-44.978,-44.737,-44.422,-45.377,-45.972,-46.419,-45.381,-45.78,-45.319,-45.836,-45.18,-43.048,-40.702,-39.777,-40.283,-39.587,-39.487,-37.35,-36.637,-34.014
0.0,0.068,3.024,1.264,0.788,-0.393,-0.074,-1.674,-0.299,-0.34,-0.942,-2.789,-2.179,-1.322,2.737,22.121,25.064,25.5,25.371,26.685,27.363,29.625,30.147,29.415,33.145,36.92,43.026,45.711,45.65,46.074,46.383,46.934,46.799,50.043,51.527,52.698,53.634,53.293,53.866,52.323,51.617,51.556,51.712,52.868,54.074,55.073,56.827,58.57,59.774,62.073,63.049,64.995,65.505,69.974,69.735,70.916,71.595,71.38,70.971,71.415
0.0,-0.74,-0.841,0.584,2.429,-3.681,-9.452,-11.385,-12.429,-12.67,-12.85,-13.869,-15.273,-15.987,-16.976,-17.705,-18.428,-19.13,-20.261,-21.224,-21.875,-22.797,-24.812,-25.545,-25.329,-25.945,-26.88,-27.506,-28.616,-29.393,-31.026,-30.932,-31.461,-31.832,-37.341,-39.837,-41.847,-42.194,-43.571,-44.009,-43.949,-44.321,-42.799,-42.783,-43.334,-42.348,-42.748,-44.359,-45.916,-46.013,-46.326,-46.693,-47.331,-48.206,-46.325,-46.37,-45.962,-46.707,-47.821,-49.764
0.0,0.526,0.231,0.768,1.386,2.129,5.766,9.07,11.012,10.404,12.895,16.007,16.706,16.089,17.456,21.781,20.881,24.638,23.199,25.91,25.328,32.183,32.77,32.154,35.453,36.852,37.548,39.288,43.383,45.912,46.779,46.683,50.763,56.065,59.576,62.374,64.389,63.05,62.861,65.813,68.057,67.207,69.235,69.322,68.893,72.137,75.504,78.342,82.592,84.84,85.591,85.808,89.236,92.08,93.231,98.645,98.63,98.158,102.186,101.39
0.0,0.0,0.0,9.862,7.437,0.0,5.606,9.396,7.329,5.075,8.838,10.653,7.798,0.0,0.0,0.0,0.0,0.0,0.0,0.0,0.0,0.0,0.0,0.0,0.0,0.0,0.0,0.0,0.0,0.0,0.0,0.0,0.0,0.0,0.0,0.0,0.0,0.0,0.0,0.0,0.0,0.0,0.0,0.0,0.0,8.993,10.586,13.231,17.797,18.852,19.256,20.714,22.489,23.846,23.453,23.048,22.497,22.401,23.851,25.408
0.0,1.132,3.158,3.356,0.688,-2.746,-4.591,-6.92,-11.424,-12.972,-13.234,-12.894,-15.19,-17.261,-22.859,-22.886,-24.479,-25.347,-27.52,-30.959,-31.434,-34.095,-34.358,-34.719,-36.159,-37.424,-38.889,-39.752,-42.895,-45.339,-51.476,-54.492,-57.126,-56.81,-58.133,-58.547,-59.244,-59.856,-60.658,-59.711,-58.804,-60.435,-60.077,-58.957,-59.254,-59.482,-59.201,-60.202,-62.801,-66.133,-67.333,-69.106,-68.242,-67.163,-68.95,-68.501,-68.156,-69.49,-68.49,-71.32
