0.0,2.588,2.082,0.665,1.22,2.729,1.221,3.216,9.434,10.497,10.856,10.135,9.713,10.663,10.755,12.502,17.13,28.117,33.987,29.234,27.098,35.973,36.381,33.775,30.346,27.814,29.286,28.948,26.746,24.923,23.824,22.561,27.541,31.949,33.213,47.605,55.241,55.818,56.556,54.135,56.713,57.23,58.942,57.646,55.905,57.153,56.346,58.814,59.537,58.896,58.959,57.789,60.131,59.166,58.325,58.3,58.398,58.985,57.111,60.053
0.0,0.928,2.788,6.809,10.501,14.302,14.643,10.889,13.877,19.25,23.766,22.995,25.321,28.485,33.439,36.706,42.727,44.498,47.167,49.059,51.652,53.161,51.87,52.718,54.854,54.588,55.843,56.253,56.719,57.419,57.715,54.233,49.631,43.314,37.243,32.765,31.928,30.809,30.949,30.235,34.328,41.762,43.996,46.587,47.692,51.299,57.134,59.122,61.583,61.493,62.398,62.458,61.657,59.459,57.101,58.001,56.037,55.287,51.763,47.465
0.0,0.048,-0.489,-4.21,-6.913,-8.908,-11.681,-12.012,-11.19,-11.004,-10.132,-11.713,-11.861,-17.508,-16.469,-16.44,-16.002,-19.459,-19.402,-17.68,-14.969,-16.059,-12.106,-10.467,-9.068,-6.119,-6.287,-4.172,-1.138,-0.371,1.654,1.976,-0.666,-3.202,-4.77,-5.61,-0.665,3.106,8.664,23.094,33.16,36.051,32.369,29.035,24.527,22.663,17.196,14.474,14.544,15.495,15.965,17.476,20.112,21.824,21.534,20.776,19.836,22.559,23.156,22.748
0.0,-5.726,-5.378,-11.616,-15.716,-18.389,-17.22,-14.46,-11.007,-9.579,-8.505,-7.873,-4.963,-2.46,1.337,3.559,7.106,6.689,5.351,4.758,6.574,8.808,9.034,9.141,11.018,14.164,15.648,15.055,13.492,12.355,10.783,10.426,10.704,10.391,11.654,10.991,10.413,11.726,12.708,13.171,12.844,12.907,14.246,12.592,11.884,11.787,11.189,10.967,11.197,11.676,11.321,10.614,11.13,8.575,4.298,0.373,-0.957,-0.179,-0.89,-1.458
0.0,1.663,2.825,5.159,6.416,5.571,4.463,8.286,7.851,8.947,10.723,13.217,15.986,17.429,15.926,16.931,31.977,40.915,54.249,54.249,54.249,41.953,38.111,36.773,33.381,16.674,19.79,17.668,19.197,19.952,17.386,12.569,10.951,11.831,14.794,16.4,18.448,19.753,19.884,19.287,19.827,17.897,16.441,17.388,20.001,15.882,16.266,15.297,13.311,14.431,16.659,17.348,17.244,16.529,18.472,30.391,36.482,37.082,37.008,41.36
0.0,1.359,4.113,4.058,3.716,3.102,1.339,2.973,4.677,4.904,4.981,6.155,7.249,7.261,6.924,6.62,6.139,5.274,5.08,3.959,4.156,4.245,4.483,4.984,5.468,5.618,6.195,7.748,7.915,8.001,7.893,8.745,9.171,9.91,10.935,11.782,10.964,10.127,9.669,9.011,9.616,9.466,8.215,8.438,7.502,6.882,5.484,5.96,6.185,5.969,5.258,6.442,7.912,8.385,6.979,8.333,8.087,9.889,9.832,10.68
0.0,2.097,3.987,3.687,4.101,4.306,4.304,3.139,2.726,4.995,8.569,11.948,13.607,13.552,12.277,14.349,16.489,21.979,23.035,22.952,22.646,22.798,22.207,21.14,20.027,22.069,23.379,24.933,27.294,28.625,30.536,31.973,31.302,29.944,29.964,29.383,28.688,26.977,27.665,29.862,30.691,30.239,29.473,26.642,24.552,23.473,23.529,23.644,22.649,21.641,21.486,21.307,21.991,23.915,24.917,24.172,23.059,22.362,23.422,23.412
0.0,-0.093,-0.061,0.167,0.154,0.033,0.034,0.018,-0.192,0.054,-0.163,0.148,0.092,-0.119,-0.145,0.051,-0.121,-0.076,0.05,-0.024,-0.104,-0.063,-0.134,-0.16,-0.18,-0.134,-0.237,-0.259,-0.005,-0.212,-0.292,-0.157,-0.322,-0.306,-0.234,-0.186,-0.252,-0.176,-0.349,-0.107,-0.264,-0.241,-0.161,-0.301,-0.335,-0.098,-0.232,-0.204,-0.29,-0.048,-0.177,-0.436,-0.376,-0.424,-0.399,-0.406,-0.39,-0.36,-0.648,-0.382
0.0,-0.369,0.484,-0.286,-1.128,-1.748,-1.807,-2.223,-2.024,-0.391,-1.358,-1.425,-2.337,-2.847,-1.624,0.628,2.431,4.753,5.988,3.68,3.118,3.578,4.594,4.768,5.665,4.983,7.486,10.607,10.429,12.376,13.388,14.202,14.904,18.331,22.554,25.398,28.609,26.454,27.189,28.66,27.189,25.719,22.043,22.778,21.308,30.13,23.514,22.043,20.573,21.308,22.043,24.249,26.454,26.454,30.13,30.145,30.2,32.038,33.482,30.121
0.0,2.611,3.526,2.909,-0.15,-0.665,-3.471,-5.325,-7.355,-8.14,-9.657,-12.328,-11.576,-9.457,-8.467,-6.609,-6.387,-8.476,-9.393,-9.634,-11.615,-12.281,-14.232,-16.961,-17.917,-20.959,-25.281,-28.092,-30.504,-29.58,-30.038,-34.63,-40.401,-30.631,-29.141,-29.368,-28.805,-28.613,-26.736,-26.508,-26.046,-25.463,-25.055,-25.285,-24.684,-23.111,-21.793,-11.565,-9.448,-9.249,-8.022,-6.332,-2.672,1.56,4.255,7.315,9.234,14.827,19.823,21.872
0.0,1.803,9.567,11.859,18.837,19.533,17.869,10.438,4.711,1.85,-1.56,-0.795,-1.806,-2.387,-5.501,-6.936,-8.932,-8.73,-9.858,-10.907,-10.969,-8.776,-7.494,-6.762,-5.815,-8.664,-16.118,-15.521,-17.989,-19.739,-20.758,-21.149,-18.008,-15.889,-16.047,-13.449,-14.137,-13.794,-13.636,-13.041,-11.39,-10.243,-10.427,-9.179,-9.445,-6.887,-5.532,-2.866,-1.666,-1.605,-1.307,6.664,5.97,9.504,15.479,19.248,20.674,20.407,18.915,20.42
0.0,0.915,2.926,9.047,8.957,5.107,5.767,3.166,0.338,-1.07,-1.237,0.284,1.161,5.229,8.534,12.006,11.661,13.779,16.437,21.367,26.234,37.46,46.521,56.716,62.608,60.666,55.831,57.261,50.078,47.351,42.865,39.294,15.328,10.611,11.668,14.922,14.509,16.447,22.269,41.625,45.213,55.301,59.007,63.488,69.554,63.19,73.085,75.937,72.343,67.414,62.978,57.355,50.135,47.215,37.204,28.318,32.695,27.012,16.774,10.333
0.0,0.127,3.906,2.594,-2.014,11.258,11.093,6.785,2.868,-0.515,-6.87,-7.73,-7.415,-5.378,0.111,3.407,0.242,-4.676,-4.861,-3.84,-11.175,-23.945,-26.844,-27.934,-45.092,-51.405,-57.819,-62.391,-70.578,-75.442,-82.991,-85.973,-93.805,-101.114,-100.329,-108.608,-113.374,-120.298,-132.721,-139.377,-141.563,-139.779,-138.405,-135.82,-132.92,-130.16,-128.248,-127.699,-128.177,-129.376,-128.735,-126.979,-126.834,-124.504,-120.584,-117.722,-112.149,-110.129,-105.752,-101.706
0.0,-0.913,-2.273,-3.477,-3.901,-4.752,-4.817,-4.171,-5.182,-5.046,-5.204,-3.196,-4.457,-4.895,-5.512,-8.177,-10.149,-10.622,-14.268,-20.073,-23.348,-31.905,-34.819,-36.706,-38.991,-50.713,-51.993,-52.146,-51.48,-51.718,-53.34,-54.486,-56.294,-57.751,-58.181,-60.2,-62.153,-62.809,-64.797,-64.078,-63.448,-63.339,-65.524,-65.161,-66.597,-68.884,-71.654,-74.408,-76.235,-77.358,-77.183,-76.657,-77.154,-78.823,-78.288,-79.651,-82.36,-86.209,-89.612,-91.583
0.0,2.246,4.167,6.234,10.371,13.228,17.485,18.933,19.807,21.205,23.506,22.951,19.62,21.871,23.397,25.162,29.482,31.431,32.607,31.167,30.593,30.388,29.912,30.478,29.284,26.412,23.383,21.081,17.907,14.683,12.891,12.121,10.086,9.57,7.683,5.664,3.215,1.188,-0.1,0.457,-0.402,-2.075,-1.726,-2.48,-4.115,-4.387,-4.154,-3.82,-2.043,-1.103,-1.046,0.296,0.759,1.69,4.554,8.665,10.851,12.171,12.362,13.526
0.0,2.453,20.607,26.743,29.41,29.005,28.676,29.024,28.939,29.057,25.13,27.093,30.353,30.547,29.126,28.021,28.755,29.404,28.617,23.139,17.833,12.253,10.37,10.48,9.303,5.282,-0.277,2.968,5.621,8.067,7.43,-3.844,-2.879,-4.724,-1.25,0.206,2.53,11.856,13.411,12.264,13.611,16.757,20.711,17.495,19.828,20.9,20.356,17.486,15.331,-11.813,-27.784,-34.075,-34.622,-32.885,-35.125,-36.602,-36.582,-37.818,-37.843,-38.18
0.0,0.558,7.19,16.15,11.92,3.958,5.741,10.325,17.076,26.479,27.683,16.951,5.83,4.669,4.319,0.241,1.235,1.521,3.052,9.748,18.086,19.92,17.237,12.045,18.444,23.009,30.2,28.103,25.878,17.856,14.141,14.564,12.749,7.912,7.249,4.522,5.651,5.536,3.647,-8.399,-5.99,-3.611,-0.286,0.092,1.411,2.394,1.202,-3.973,-7.483,-10.963,-10.509,-9.758,-10.424,-13.986,-17.001,-17.757,-18.18,-19.409,-19.273,-19.124
0.0,1.255,8.574,10.587,12.925,12.406,12.811,13.912,13.582,15.783,17.493,18.51,20.47,21.755,22.644,23.819,25.803,27.324,28.829,31.541,33.765,32.246,31.398,31.725,29.722,29.072,28.185,28.313,30.087,33.237,37.978,45.384,48.793,52.117,51.476,48.239,44.998,44.006,40.298,32.969,31.288,30.051,31.172,33.117,33.348,33.287,34.95,37.695,40.261,41.099,42.283,40.319,38.932,34.596,25.868,20.309,20.592,21.47,19.861,21.608
0.0,-0.873,-0.756,-2.853,-1.662,-1.857,-1.525,-0.274,0.224,3.581,10.11,12.251,14.414,13.801,10.259,24.158,17.243,21.265,23.633,26.336,32.954,37.586,41.336,46.128,49.912,51.742,52.828,54.757,55.758,57.234,55.227,51.876,43.901,38.667,32.005,21.876,14.406,13.263,8.94,6.327,4.944,5.161,3.67,4.0,4.039,3.575,2.908,2.611,1.255,0.382,1.008,1.775,0.4,0.225,1.126,0.638,-2.082,-4.66,-4.642,-4.565
0.0,1.811,1.339,2.869,1.146,1.966,5.344,8.072,11.598,14.096,14.856,15.873,17.583,17.712,17.208,16.832,15.505,16.271,16.238,12.2,10.124,6.431,2.603,0.848,-3.847,-7.49,-8.477,-10.234,-11.833,-12.625,-11.966,-11.348,-10.707,-10.788,-12.955,-12.712,-11.715,-15.969,-19.474,-23.892,-25.636,-28.567,-30.504,-30.821,-31.823,-31.502,-29.011,-25.713,-17.253,-8.489,-3.327,0.372,-0.41,0.496,3.009,3.878,2.849,0.791,3.912,8.174
0.0,0.537,0.748,0.162,1.342,0.861,0.704,1.356,0.652,0.19,0.928,1.27,-0.327,-0.301,1.348,0.486,1.038,0.651,0.923,-0.653,0.502,-1.124,-0.104,0.75,0.75,0.24,0.718,-0.622,-0.997,-0.26,0.368,1.167,1.24,1.819,0.168,-0.689,0.251,0.594,1.513,2.115,2.102,-0.748,0.434,1.511,-2.838,-1.806,0.94,-0.817,1.027,0.68,0.071,1.804,1.201,0.113,1.284,0.801,1.769,1.009,0.864,-0.061
0.0,4.338,4.289,-0.713,1.609,0.016,0.825,2.855,-0.11,0.875,-1.026,-0.638,5.275,5.861,-0.892,2.803,3.982,-0.589,4.094,3.997,-1.351,4.888,-0.103,2.091,4.928,3.975,5.464,6.157,4.269,5.964,0.866,-0.752,2.19,-0.324,1.81,3.241,-1.464,0.014,-0.497,4.636,-1.763,-0.441,0.488,-1.006,4.234,-0.195,-0.731,-2.134,-0.245,-1.018,1.871,3.162,0.462,1.664,5.133,4.558,0.052,3.13,-0.894,-0.782
0.0,2.206,1.471,4.412,2.206,-1.47,0.736,0.0,4.885,0.0,1.471,1.471,0.0,0.736,0.736,2.206,2.941,0.0,1.471,2.941,0.736,2.206,2.941,0.0,0.0,-0.735,0.0,4.412,2.941,2.941,2.206,4.412,2.941,2.206,5.147,1.471,3.676,4.015,1.471,3.676,2.941,6.641,0.0,2.206,2.941,1.471,2.941,1.471,1.471,1.471,1.471,1.471,5.147,2.206,1.471,3.676,2.206,1.471,4.412,4.412
0.0,1.185,3.242,3.029,2.309,2.505,3.301,2.179,0.333,0.915,-0.431,-0.565,-0.242,-0.147,0.391,0.886,4.023,3.086,5.458,5.622,6.728,10.959,14.462,17.359,17.738,14.737,14.565,12.39,-1.574,-16.969,-27.119,-34.848,-35.605,-36.34,-34.869,-37.075,-39.28,-41.486,-43.691,-42.956,-41.486,-47.367,-48.103,-47.367,-44.427,-46.632,-46.632,-48.103,-49.573,-51.778,-48.838,-40.349,-37.99,-35.769,-34.794,-32.041,-24.955,-23.136,-21.294,-14.594
0.0,-7.655,-5.373,-5.947,-5.445,-5.301,-5.681,-1.655,5.351,16.202,17.974,20.419,19.79,19.524,18.052,14.427,16.447,15.625,19.637,21.822,24.861,32.588,31.644,29.767,28.225,21.512,21.794,25.001,28.036,29.724,31.449,37.393,38.822,32.918,30.665,30.461,31.022,32.617,35.357,38.571,39.64,42.805,46.326,43.943,47.655,40.048,30.304,26.461,28.118,29.61,31.688,30.312,31.708,33.05,33.26,29.448,30.554,31.808,32.324,32.27
0.0,-0.208,-2.325,-2.468,-1.431,-0.268,-0.489,-1.981,-2.669,-4.338,-3.772,-3.174,-2.861,-4.096,-5.3,-5.127,-2.744,-6.301,-7.15,-7.667,-8.581,-8.892,-8.271,-8.298,-7.331,-7.251,-6.239,-6.099,-6.93,-1.967,-5.265,-4.617,-4.698,-3.44,-3.186,-8.211,-1.881,1.067,1.402,-2.063,-7.797,-14.461,-15.14,-16.932,-14.363,-11.517,-13.473,-13.688,-13.802,-15.102,-16.159,-14.285,-14.158,-14.091,-11.99,-14.02,-14.05,-15.041,-16.71,-16.808
0.0,0.647,1.842,1.941,2.827,0.06,0.319,0.8,1.48,-3.83,-9.462,-12.375,-14.111,-14.286,-16.936,-19.692,-20.119,-20.091,-20.619,-18.469,-16.441,-16.316,-12.855,-10.081,-8.47,-6.348,-5.187,-3.938,3.815,11.572,14.49,17.283,16.223,15.277,6.766,-8.641,-26.117,-34.383,-37.438,-38.427,-42.64,-45.344,-49.229,-52.23,-55.301,-57.889,-59.481,-60.192,-64.253,-66.343,-60.356,-60.185,-60.164,-60.189,-57.714,-61.019,-60.247,-59.969,-63.807,-65.314
0.0,0.246,0.331,-0.018,-0.23,0.354,0.112,0.43,-0.184,0.269,-0.147,0.103,-0.142,-0.074,0.572,-0.125,0.116,0.064,0.438,0.182,0.223,0.248,-0.15,0.197,-0.183,0.043,0.001,0.313,-0.063,0.271,-0.031,0.219,0.259,0.597,-0.335,0.411,-0.05,-0.373,-0.29,0.181,0.794,0.386,0.259,0.094,0.196,0.21,0.175,0.189,-0.443,0.215,0.08,-0.081,0.344,0.514,0.642,-0.086,0.111,-0.048,0.065,-0.047
0.0,2.1,2.791,5.391,12.292,6.111,3.41,2.549,2.537,1.02,0.774,0.187,-0.656,-1.355,-1.059,-1.239,-7.131,-10.321,-13.328,-14.986,-12.783,-17.873,-25.865,-26.349,-23.71,-23.395,-23.448,-24.274,-26.515,-24.986,-23.446,-24.881,-21.8,-22.756,-23.359,-25.172,-25.478,-24.675,-22.904,-23.867,-25.063,-24.642,-24.016,-21.287,-16.736,-16.007,-12.824,-9.941,-7.946,-0.251,2.78,3.681,3.633,0.944,-4.524,-6.572,-9.391,-10.897,-11.846,-14.758
0.0,1.405,-1.149,-2.515,-3.296,-6.727,-10.573,-14.882,-20.632,-28.289,-37.094,-43.799,-50.544,-59.619,-67.329,-77.539,-86.261,-89.692,-99.786,-115.962,-131.379,-140.589,-147.446,-162.324,-169.594,-176.878,-177.084,-184.171,-191.043,-191.466,-192.364,-191.002,-192.661,-195.98,-200.64,-210.621,-213.957,-220.74,-223.884,-225.023,-223.094,-222.879,-225.504,-219.851,-214.822,-207.011,-202.74,-197.323,-194.869,-191.917,-188.695,-193.885,-196.91,-197.832,-192.514,-195.705,-197.467,-205.77,-212.311,-213.407
0.0,-2.584,-2.491,-1.668,0.069,-3.055,-5.673,-7.477,-7.912,-7.035,-6.953,-6.219,-5.795,-6.938,-9.539,-8.508,-7.437,-8.939,-11.665,-10.517,-11.538,-10.612,-7.801,-7.002,-8.224,-12.625,-14.472,-19.001,-27.351,-27.265,-24.963,-21.656,-19.589,-21.195,-25.204,-28.628,-28.955,-30.383,-29.744,-33.385,-34.503,-35.024,-32.67,-37.871,-39.441,-42.484,-38.391,-35.41,-33.427,-31.745,-33.66,-35.167,-36.046,-40.203,-42.808,-47.173,-50.273,-51.534,-51.625,-52.361
0.0,-2.069,-5.067,-4.968,-5.816,-8.679,-8.786,-9.844,-11.921,-12.396,-15.428,-16.129,-16.244,-16.263,-17.292,-19.366,-19.465,-20.29,-20.64,-24.647,-29.902,-29.157,-28.691,-27.327,-28.974,-29.159,-29.243,-34.737,-29.623,-30.457,-34.891,-38.916,-41.514,-45.342,-47.973,-56.896,-55.355,-62.097,-63.327,-71.071,-73.509,-78.816,-81.711,-83.616,-84.561,-85.228,-76.49,-73.173,-68.364,-69.427,-77.367,-84.679,-91.621,-97.594,-102.539,-114.823,-113.114,-111.545,-108.655,-108.854
0.0,-1.579,-4.78,-7.176,-3.989,-6.638,-5.083,-1.476,-2.147,-3.835,-4.44,-6.406,-8.084,-6.202,-6.239,-4.578,-5.768,-6.103,-2.876,-0.85,0.329,1.168,4.693,6.544,8.523,7.717,5.055,4.282,1.002,-4.101,-3.543,-8.041,-9.905,-10.519,-13.004,-17.894,-19.676,-23.182,-30.385,-27.56,-21.412,-20.033,-21.976,-24.562,-30.681,-31.307,-31.043,-31.079,-28.384,-27.729,-25.949,-24.603,-23.635,-20.979,-20.321,-23.448,-19.76,-21.618,-18.418,-10.45
0.0,2.941,2.206,4.411,10.293,23.526,27.467,33.751,39.4,44.123,43.167,44.951,49.402,62.133,67.095,71.295,69.39,74.907,77.848,79.723,76.476,74.617,75.332,74.137,74.108,72.031,74.562,78.395,98.89,102.841,103.759,98.369,95.698,87.265,89.749,83.534,73.16,74.853,73.128,69.812,63.468,55.855,51.913,47.88,47.844,49.289,47.136,47.924,49.288,50.27,49.682,46.607,44.412,36.026,36.186,39.288,39.047,32.211,30.498,24.992
0.0,-2.634,-4.776,-2.987,-1.925,-3.52,0.998,1.665,2.67,3.809,4.468,2.183,3.704,0.842,-1.135,-1.915,-1.614,2.436,1.118,-8.644,-22.458,-22.295,-8.389,-4.505,-4.732,-0.868,-0.88,-9.515,-14.373,-14.825,-16.476,-18.304,-14.644,-15.113,-36.515,-36.36,-33.148,-34.881,-30.875,-26.256,-21.97,-19.539,-17.061,-13.176,-10.754,-5.804,-6.297,-5.975,-5.656,-2.559,-3.891,-7.283,-7.889,-10.122,-11.386,-14.052,-12.5,-15.896,-21.138,-31.47
0.0,3.243,4.965,16.022,13.915,14.081,20.83,21.374,24.398,20.976,5.468,-16.025,-38.87,-44.403,-46.642,-45.589,-41.527,-32.999,-24.553,-15.745,-8.431,-1.423,1.2,-3.898,-9.804,-14.729,-11.563,-11.193,-8.222,-6.384,-1.281,2.525,5.074,8.46,17.217,13.345,19.575,13.193,16.41,18.859,17.23,16.159,16.579,17.482,17.461,17.43,17.482,16.272,12.01,11.485,15.665,18.203,22.474,10.822,11.52,12.825,15.796,19.015,18.797,21.737
0.0,1.486,4.367,7.444,11.914,20.22,21.03,23.805,25.356,31.174,31.615,32.372,32.265,32.125,36.575,41.931,44.098,43.982,42.571,38.423,35.131,32.837,31.836,33.009,37.33,39.3,44.275,54.616,65.928,65.746,73.989,81.649,82.378,83.083,82.256,82.901,82.512,81.656,80.306,82.779,88.348,90.379,89.957,91.735,92.63,93.346,94.717,94.251,91.987,92.518,92.791,95.334,95.457,97.794,108.361,114.192,111.558,111.493,111.133,114.162
0.0,-0.212,1.721,5.064,5.782,4.951,4.984,4.732,4.593,3.617,3.424,3.162,4.35,6.22,7.619,7.909,13.64,15.091,20.875,20.932,20.34,16.159,5.055,-4.051,-5.817,-6.019,-9.477,-6.771,-5.277,-4.196,-1.531,-1.648,1.077,4.822,14.51,19.681,23.37,27.033,31.375,33.921,35.323,38.264,42.479,45.709,44.096,45.597,34.509,35.939,37.171,33.394,33.042,34.458,33.879,34.002,32.214,30.537,29.177,28.957,28.189,27.93
0.0,-0.894,-4.381,-4.716,-5.418,-4.693,-4.153,-4.41,-4.965,-3.512,2.351,7.367,6.245,3.501,3.518,3.891,5.811,5.887,7.344,8.442,9.208,10.768,13.586,15.118,18.028,24.599,32.706,40.697,43.706,43.284,42.64,41.804,41.817,42.803,43.428,45.209,44.004,45.3,44.882,45.637,43.253,42.883,43.443,43.236,45.929,47.462,46.186,43.314,41.667,39.096,37.462,33.513,32.016,33.267,29.308,26.81,23.377,22.284,21.162,19.647
0.0,-0.745,-2.987,-4.741,-3.243,-1.452,0.914,2.959,1.824,-1.314,-3.707,-6.321,-7.06,-5.215,-3.955,-4.246,-5.389,-8.03,-9.279,-6.805,-2.281,-1.604,0.961,4.778,7.461,8.841,9.579,11.501,13.649,16.042,20.066,23.808,23.513,24.128,24.54,21.246,20.505,20.477,23.798,27.436,31.306,34.258,33.973,31.695,30.428,31.13,33.253,36.069,38.861,39.515,41.154,44.513,48.499,57.106,57.106,57.106,57.106,57.106,57.106,57.106
0.0,4.144,7.131,13.117,15.715,19.035,26.323,32.256,36.23,36.894,36.969,36.032,35.681,35.269,34.848,31.915,29.148,25.208,12.314,0.374,-5.364,-6.168,-4.263,-5.595,-5.051,-4.145,-4.702,-1.527,14.302,15.051,16.042,15.106,15.21,16.869,21.29,15.637,25.665,28.916,28.904,28.224,27.917,26.226,24.051,22.765,22.906,19.534,17.884,17.009,16.122,7.897,2.334,-2.618,-6.211,-7.505,-13.114,-9.26,-3.643,2.658,1.624,3.544
0.0,-3.858,-1.518,-0.185,-0.103,-1.571,3.697,-0.231,-1.936,1.07,5.245,10.64,14.889,19.362,20.593,21.451,21.179,21.56,20.851,19.697,17.55,14.318,12.82,9.208,9.236,8.34,5.659,1.722,1.509,4.384,4.801,0.539,-1.717,-4.859,-5.119,-2.413,-0.313,-0.433,-0.954,-0.074,-6.574,-5.491,-3.04,-3.012,-4.528,-5.058,-5.911,-6.318,-10.115,-9.602,-8.487,-8.121,-12.243,-13.618,-9.359,-8.544,-9.163,-18.979,-9.283,2.979
0.0,-0.009,-1.071,-1.591,-1.938,-2.266,-2.63,-2.896,-2.176,-3.021,-4.413,-6.14,-6.748,-7.063,-6.972,-7.848,-8.922,-8.653,-8.361,-8.689,-9.12,-8.585,-9.044,-8.947,-8.624,-9.223,-9.551,-9.478,-9.363,-9.859,-9.834,-10.011,-9.685,-9.488,-8.324,-8.107,-7.984,-7.857,-7.148,-6.206,-6.012,-5.163,-5.12,-4.6,-4.707,-4.223,-4.028,-3.912,-3.536,-4.748,-3.468,-2.852,-2.711,-2.171,-2.486,-2.331,-2.721,-2.838,-3.111,-3.139
0.0,1.949,-0.336,-1.732,-1.458,-0.754,-1.508,-0.362,-0.38,-3.572,-5.303,-5.886,-6.478,-5.91,-2.758,-0.062,-3.236,-7.254,-10.515,-12.375,-11.73,-12.813,-17.311,-20.564,-19.363,-20.193,-25.183,-25.469,-24.731,-23.324,-27.169,-30.784,-32.461,-33.792,-39.976,-40.432,-41.776,-43.671,-44.894,-43.865,-44.561,-46.615,-46.891,-47.705,-45.859,-46.931,-48.404,-51.312,-52.581,-52.375,-52.267,-52.811,-54.342,-55.158,-55.106,-55.515,-57.61,-58.557,-57.815,-57.397
0.0,-0.134,0.331,3.677,6.587,6.999,6.533,5.276,6.038,5.165,3.98,3.104,4.343,8.169,7.837,9.059,7.635,10.006,10.046,9.025,7.493,6.809,3.411,1.145,0.124,0.458,1.338,4.816,5.99,3.277,1.604,0.56,-0.683,-2.04,-3.593,-3.62,-11.03,-3.382,-7.43,-11.966,-18.72,-22.631,-23.101,-22.424,-24.115,-26.373,-28.413,-28.624,-30.464,-34.266,-36.764,-35.179,-35.252,-35.09,-36.031,-36.559,-37.612,-42.156,-43.476,-48.205
0.0,0.072,-0.002,0.161,0.338,0.37,0.261,0.395,0.338,0.471,0.379,0.589,0.628,0.613,0.428,0.736,0.703,0.823,0.59,0.644,0.703,0.574,0.852,0.829,0.7,0.849,0.841,0.888,0.888,0.846,0.856,0.8,1.026,0.951,0.991,0.719,1.015,0.692,0.785,0.818,0.666,0.976,0.889,1.086,1.085,1.009,0.94,1.071,1.017,0.964,1.081,1.089,1.05,1.139,1.1,1.125,0.92,0.962,1.083,1.063
0.0,0.762,2.914,3.504,0.092,-1.641,-0.081,-0.185,-0.605,-1.903,-3.141,-4.286,-5.338,-7.194,-8.231,-9.022,-9.625,-10.852,-12.249,-11.051,-7.657,-9.702,-11.282,-9.426,-9.248,-8.625,-10.236,-11.202,-14.6,-12.917,-9.528,-9.487,-8.486,-8.837,-10.167,-11.928,-15.577,-18.461,-19.344,-19.389,-17.195,-17.135,-14.76,-12.834,-11.683,-6.861,-6.43,-8.268,-8.82,-1.209,1.347,-0.307,-2.575,-0.694,0.367,-0.839,-1.209,1.238,3.677,2.564
0.0,4.678,-2.918,-8.936,-12.7,-8.464,-5.089,-2.636,-1.54,-0.557,-0.512,-1.258,6.806,8.843,8.609,2.131,-2.26,-5.043,-3.135,-4.656,-4.752,-4.298,-8.894,-11.338,-17.523,-20.95,-16.246,-14.988,-22.704,-14.575,-25.409,-29.973,-31.765,-34.642,-37.592,-36.623,-37.568,-38.69,-38.428,-38.0,-48.506,-52.738,-58.576,-61.942,-68.674,-92.195,-99.972,-102.909,-106.852,-108.609,-108.027,-108.496,-108.215,-125.113,-124.439,-126.235,-125.947,-144.23,-145.955,-144.359
0.0,9.783,19.093,22.995,22.401,21.829,22.477,24.341,29.978,32.95,33.981,34.434,34.837,36.172,35.93,35.769,35.864,39.317,40.595,41.238,41.161,42.176,41.938,43.007,40.539,42.426,45.164,45.75,44.79,44.251,42.447,42.737,43.267,41.945,41.322,40.594,40.613,41.44,41.839,43.628,41.693,42.926,57.911,63.548,70.917,87.936,92.541,91.983,99.198,108.624,107.073,106.476,103.798,91.067,80.222,66.542,58.147,53.274,49.217,47.383
0.0,-0.263,-0.558,-0.604,-0.048,0.249,0.176,-1.343,-2.319,-2.38,-4.409,-6.377,-4.6,-4.599,-3.198,-1.768,-0.42,-0.082,-3.631,-2.026,1.067,0.779,0.142,0.033,-0.334,0.606,2.879,4.5,5.408,5.673,4.305,5.591,7.073,8.598,6.488,4.341,4.854,5.359,3.762,6.244,6.058,6.519,6.529,5.25,2.568,-1.039,-4.534,-1.398,1.306,5.092,5.309,4.574,4.67,11.232,16.302,16.727,20.217,20.706,22.136,22.161
0.0,0.732,2.725,3.203,1.547,0.785,-1.165,-2.035,-1.91,-2.244,-2.954,-2.029,-2.738,-1.36,-6.209,-13.747,-14.339,-14.556,-14.989,-15.871,-18.424,-16.821,-16.346,-15.681,-17.917,-18.811,-19.313,-19.657,-18.189,-18.857,-19.907,-28.714,-30.935,-32.999,-34.272,-32.748,-34.678,-35.53,-37.661,-39.865,-40.181,-40.451,-41.824,-42.658,-43.688,-43.39,-43.626,-42.974,-42.104,-42.324,-44.371,-51.247,-48.278,-51.333,-53.534,-54.529,-57.708,-57.418,-58.069,-56.276
0.0,0.392,0.686,0.482,0.364,0.814,0.97,0.398,1.19,1.139,0.591,-1.175,-2.767,-3.444,-6.451,-8.82,-8.135,-5.003,-5.795,-7.077,-7.56,-7.803,-7.479,-6.185,-5.283,-6.092,-6.901,-3.099,-3.417,-13.61,-21.92,-22.86,-27.26,-31.019,-32.386,-40.001,-41.384,-47.377,-51.123,-52.439,-51.51,-49.844,-48.043,-45.299,-37.351,-26.989,-23.223,-17.476,-18.666,-19.779,-18.5,-17.642,-18.206,-14.534,-16.995,-15.449,-16.785,-17.316,-15.187,-16.876
0.0,-1.36,-4.104,-5.296,-6.498,-5.439,-7.447,-8.192,-9.817,-10.374,-9.819,-10.434,-15.013,-18.523,-24.487,-26.087,-26.476,-27.237,-27.968,-28.912,-29.585,-30.284,-32.233,-31.79,-31.16,-30.541,-30.419,-32.571,-36.851,-38.383,-43.928,-45.756,-45.859,-46.875,-46.874,-46.453,-43.098,-37.324,-36.027,-36.588,-36.328,-35.112,-33.37,-32.381,-31.285,-29.766,-25.089,-21.044,-20.925,-20.937,-19.203,-16.979,-18.818,-20.528,-22.093,-24.141,-23.755,-24.363,-26.637,-27.025
0.0,0.579,0.812,1.505,1.667,1.118,0.857,0.083,-0.132,-0.253,-2.624,-3.396,-5.53,-6.806,-7.722,-8.163,-8.666,-8.767,-9.168,-11.163,-11.378,-11.718,-12.752,-12.369,-12.199,-11.657,-12.611,-12.947,-12.172,-12.022,-10.7,-9.857,-8.071,-8.188,-8.086,-6.092,-6.672,-5.903,-5.442,-4.908,-4.043,-1.845,-0.955,-0.099,-1.545,-3.852,-1.683,-1.047,0.945,0.96,1.596,1.013,2.068,0.108,-1.402,-0.946,-0.924,-1.434,-3.416,-5.028
0.0,-0.338,0.093,1.204,-0.868,1.204,1.204,0.062,1.204,-0.087,1.204,1.204,0.695,1.204,1.204,1.204,1.204,1.204,1.204,1.204,1.204,1.204,1.204,1.204,1.204,1.204,1.204,1.204,1.204,1.204,1.204,1.204,1.204,1.204,1.204,1.204,1.204,1.204,1.204,1.204,1.204,1.204,1.204,1.204,1.204,1.204,1.204,1.204,1.204,1.204,1.204,1.204,1.204,1.204,1.204,1.204,1.204,1.204,1.204,1.204
0.0,1.189,0.954,0.992,0.24,0.625,1.85,0.797,1.209,1.102,1.07,1.169,0.643,0.936,2.222,2.243,1.538,1.2,0.523,1.407,4.44,1.588,0.213,-0.022,1.4,4.724,7.307,2.767,-2.519,-5.418,3.796,-3.116,-1.699,-8.941,-6.088,-2.41,-7.008,0.627,-8.267,-4.595,-7.42,0.375,-7.293,-6.437,0.491,-8.052,-7.723,7.478,-0.581,1.937,1.77,3.266,-5.124,-6.646,-8.524,-8.943,-2.903,-7.348,1.57,-0.838
0.0,1.874,2.307,2.578,6.958,3.524,-1.85,1.333,1.176,1.831,1.441,1.775,6.787,7.585,10.689,16.471,12.593,15.559,22.273,23.176,24.141,24.515,25.42,24.333,21.359,24.779,22.992,21.274,23.635,26.269,31.153,32.326,33.72,34.909,27.719,21.676,23.782,21.968,20.091,9.659,7.555,7.659,6.423,-1.632,-6.593,-8.629,-12.473,-15.731,-18.069,-20.029,-28.236,-32.737,-36.141,-31.451,-29.092,-25.561,-21.897,-18.244,-16.76,-4.944
0.0,-0.735,13.193,8.917,10.637,12.296,12.926,11.311,5.121,7.078,8.304,-0.735,5.51,4.84,5.279,9.253,12.085,14.805,18.58,17.023,18.205,17.999,12.686,15.478,16.434,18.968,19.825,19.934,22.493,24.589,27.689,28.576,30.071,32.022,34.914,39.857,43.48,44.305,47.401,46.572,49.004,49.702,51.387,51.763,51.903,52.339,54.272,55.803,54.648,52.162,48.812,48.113,47.04,52.76,55.366,57.167,58.482,55.026,52.742,56.335
0.0,-2.476,-6.973,-8.001,-9.503,-8.794,-10.331,-9.067,-8.579,-7.336,-4.629,-3.05,-1.94,-0.356,1.425,1.53,0.208,0.307,0.206,0.478,0.541,-0.737,0.504,1.239,0.519,-3.652,-1.41,1.039,2.785,3.513,6.836,10.311,13.439,15.601,16.702,17.39,18.113,19.182,17.892,17.42,17.656,20.238,22.699,24.472,26.496,27.807,29.251,34.374,37.664,39.835,45.229,47.845,55.448,59.745,62.545,60.729,61.933,64.128,70.118,69.858
0.0,-0.502,-0.518,0.908,-1.401,-1.985,-1.091,1.316,1.424,1.034,3.885,1.769,-2.096,-5.335,-5.673,-3.833,-2.823,-0.743,-1.636,-2.483,-3.195,-6.939,-10.655,-8.466,-6.371,-8.418,-5.482,-1.141,-0.97,-4.722,-5.25,-6.214,-6.29,-9.066,-7.117,-4.873,-3.605,-3.289,-4.06,-3.972,-4.543,-6.154,-8.142,-7.028,-7.907,-10.571,-10.406,-6.043,-1.843,-4.154,-3.831,-4.773,-4.699,-4.788,-3.324,-0.477,6.307,8.707,9.869,12.598
0.0,-0.931,2.383,2.934,0.713,-9.637,-14.425,-9.91,-9.607,-11.413,-11.537,-11.739,-12.508,-15.438,-18.213,-16.496,-15.614,-11.063,-12.198,-12.999,-13.144,-14.078,-14.28,-13.374,-11.083,2.27,-3.281,-11.699,-18.219,-21.958,-20.588,-20.534,-27.241,-30.014,-31.67,-33.616,-32.718,-30.292,-24.818,-20.52,-18.736,-15.67,-11.624,-7.443,-4.288,-3.25,-3.865,-9.921,-12.418,-15.247,-17.004,-18.497,-20.84,-23.246,-25.396,-28.283,-29.397,-32.347,-34.752,-41.022
0.0,3.533,2.509,2.23,-0.185,-0.207,-0.802,-0.113,-2.767,-0.566,1.385,0.354,3.619,5.74,0.032,-0.282,2.373,2.804,1.087,-3.677,-7.488,-12.643,-9.802,-10.008,-12.492,-11.639,-13.005,-20.077,-20.142,-20.752,-18.643,-19.586,-24.387,-26.452,-28.295,-26.508,-27.537,-31.596,-34.63,-33.546,-32.794,-31.743,-30.321,-30.345,-30.45,-30.232,-31.411,-29.361,-27.328,-26.359,-26.242,-28.986,-38.9,-42.553,-48.899,-51.208,-57.766,-61.378,-66.455,-73.731
0.0,-4.946,-7.65,-12.024,-11.869,-13.474,-15.16,-14.011,-14.938,-15.613,-19.041,-22.334,-22.151,-22.442,-22.385,-24.141,-23.36,-20.549,-17.889,-20.498,-21.009,-33.665,-34.382,-29.59,-29.033,-31.557,-32.644,-32.285,-32.856,-33.613,-35.192,-36.002,-37.038,-36.467,-35.952,-36.032,-35.382,-35.412,-35.786,-37.13,-40.375,-41.489,-39.025,-39.761,-45.09,-45.926,-45.556,-51.508,-51.004,-54.269,-54.311,-55.793,-55.752,-54.741,-55.404,-54.426,-48.048,-48.291,-57.872,-59.258
0.0,4.928,5.263,2.428,0.835,-2.689,-1.937,5.03,12.237,20.426,26.084,25.404,23.131,21.438,21.426,24.243,23.164,21.952,27.96,29.679,29.439,31.492,34.059,35.044,37.512,38.174,38.247,38.798,40.263,42.193,42.358,44.465,44.224,47.682,48.596,48.534,49.484,49.31,50.233,50.625,49.068,50.606,51.137,52.448,52.818,54.116,53.487,54.838,56.516,55.268,55.752,53.159,55.942,58.734,59.257,59.206,59.331,55.354,49.749,49.206
0.0,-1.96,-3.223,-4.711,2.598,7.527,5.206,3.619,-3.068,-7.948,-14.931,-12.427,-13.461,-17.918,-40.628,-36.906,-31.258,-29.086,-30.705,-27.824,-13.856,-13.048,-6.274,-11.361,-16.079,-23.636,-26.326,-35.623,-35.971,-34.109,-31.861,-31.317,-51.691,-56.212,-55.834,-55.547,-54.671,-57.399,-60.497,-60.964,-60.986,-61.845,-63.623,-65.878,-76.741,-93.428,-96.659,-97.138,-95.69,-95.822,-94.982,-94.268,-93.775,-90.16,-87.375,-83.718,-79.654,-78.494,-77.998,-81.364
0.0,-0.565,-1.626,-10.931,-13.114,-16.044,-14.745,-17.276,-16.893,-13.08,-19.422,-28.064,-35.606,-33.455,-25.953,-23.183,-26.178,-25.909,-25.147,-26.095,-26.603,-29.947,-31.103,-30.229,-31.169,-31.686,-29.476,-26.889,-26.513,-27.382,-28.409,-28.756,-30.125,-30.787,-32.325,-31.918,-31.95,-33.766,-33.897,-35.124,-35.481,-37.063,-38.681,-38.836,-36.775,-36.609,-36.977,-36.653,-34.375,-32.576,-30.858,-30.611,-29.098,-29.06,-28.957,-27.561,-27.537,-24.965,-26.646,-25.809
0.0,-3.47,-1.893,-1.807,-16.049,-20.972,-26.329,-31.218,-34.835,-36.46,-37.247,-38.711,-46.113,-45.792,-44.076,-44.933,-46.134,-45.803,-46.4,-46.626,-45.824,-43.744,-42.849,-45.749,-52.68,-50.459,-46.726,-47.782,-49.252,-46.323,-40.215,-37.154,-33.225,-27.466,-28.822,-25.709,-28.466,-28.615,-27.544,-20.633,-12.286,-7.211,-4.62,-0.192,10.471,15.025,13.595,17.03,19.403,22.438,12.049,17.708,19.238,20.535,20.904,25.859,21.786,21.313,18.018,15.655
0.0,0.034,2.384,3.868,4.524,5.05,5.274,4.89,3.902,1.918,2.162,2.919,2.857,3.84,3.841,3.09,2.956,2.274,1.34,0.273,0.599,2.998,5.122,5.453,6.149,6.646,8.336,8.904,8.618,9.18,8.675,10.77,11.219,10.016,9.011,10.921,13.108,13.461,10.566,8.111,7.305,6.844,7.938,10.577,11.67,11.762,13.083,14.918,18.745,18.505,16.521,14.461,15.233,16.11,16.169,17.852,19.052,21.313,24.781,29.23
0.0,-2.177,-3.43,-4.865,-9.784,-17.768,-20.75,-22.12,-23.075,-24.202,-25.394,-26.107,-25.258,-23.192,-23.686,-30.007,-31.294,-34.538,-39.354,-41.239,-40.131,-40.435,-39.592,-37.317,-36.81,-40.555,-46.922,-56.553,-54.709,-53.548,-52.768,-51.881,-49.913,-47.868,-47.968,-48.574,-48.862,-48.941,-47.968,-49.033,-49.251,-48.723,-48.605,-49.197,-49.114,-50.568,-50.892,-48.754,-48.019,-47.284,-46.549,-47.284,-45.814,-44.343,-44.343,-45.814,-47.284,-45.079,-38.462,-35.845
0.0,-0.446,-0.708,-1.64,-3.37,-7.915,-9.457,-13.297,-16.942,-18.209,-21.722,-24.246,-25.376,-26.035,-26.619,-25.85,-26.191,-26.743,-28.352,-29.637,-28.742,-27.761,-27.042,-27.041,-25.871,-25.156,-25.69,-26.061,-25.8,-25.812,-28.273,-29.624,-30.221,-29.044,-29.18,-29.854,-28.31,-26.988,-26.629,-27.101,-26.345,-27.838,-28.984,-28.826,-26.915,-26.943,-27.575,-24.427,-23.703,-21.821,-20.609,-20.289,-26.309,-27.359,-24.044,-22.065,-19.656,-20.179,-16.75,-13.926
0.0,-0.72,-0.235,0.75,5.475,6.007,4.563,2.504,2.911,1.243,0.919,-1.162,-1.634,-0.612,-0.334,-1.016,-0.047,1.983,6.028,13.558,17.115,18.861,23.845,27.772,30.774,30.667,31.396,32.619,34.501,36.316,39.757,42.164,44.421,45.122,41.663,43.105,45.883,45.693,43.762,42.443,36.662,37.834,36.87,34.179,27.405,23.821,14.276,13.31,14.129,14.708,15.92,14.108,15.135,12.409,12.697,13.845,9.083,9.273,9.277,7.492
0.0,-1.551,-0.952,-3.18,-5.934,-5.195,-2.714,4.59,3.301,3.279,2.947,4.44,7.265,9.103,8.713,7.976,8.52,8.77,12.665,10.349,11.696,13.447,16.021,18.591,20.931,22.926,22.428,22.808,23.968,23.706,22.18,20.492,20.943,22.367,32.883,33.977,34.654,32.963,34.92,35.023,36.95,37.398,38.453,40.52,42.197,51.788,61.476,64.776,65.554,68.429,67.699,66.837,68.04,68.715,68.001,69.965,72.745,74.905,77.619,77.802
0.0,-0.128,-0.537,-1.942,-3.759,-2.527,-0.946,-1.513,-3.61,-5.162,-5.267,-5.35,-4.871,-5.366,-5.062,-4.172,-2.814,-2.854,-1.996,-2.126,-2.405,-2.422,-1.787,-0.892,10.422,10.124,10.417,10.393,10.03,10.539,11.076,10.138,12.491,15.524,19.146,21.684,20.232,19.738,20.93,22.96,23.749,28.217,30.67,31.132,33.346,32.951,34.471,35.467,35.144,34.587,32.416,31.417,30.409,28.242,28.815,26.606,32.908,31.83,29.406,28.033
0.0,-1.217,-2.651,-2.937,-3.158,-4.492,-5.463,-4.229,-3.672,-4.09,-3.429,-2.727,-3.368,-2.623,-1.073,-0.734,-1.812,-0.599,-2.329,-2.817,-3.124,-3.55,-4.077,-3.515,-6.053,-11.2,-14.706,-16.818,-19.151,-20.582,-20.33,-19.222,-18.085,-17.781,-18.821,-18.836,-21.902,-23.472,-23.66,-25.05,-27.038,-28.207,-29.865,-31.481,-33.793,-35.227,-37.667,-38.058,-38.747,-39.549,-39.399,-40.574,-40.736,-40.706,-42.297,-43.214,-44.117,-44.503,-45.354,-46.786
0.0,-1.184,-0.975,-0.239,-2.995,-2.206,-1.506,-2.466,-3.481,-5.508,-6.356,-7.902,-8.079,-11.402,-12.369,-13.001,-12.409,-11.304,-11.151,-13.274,-14.316,-13.947,-12.976,-13.81,-12.468,-13.742,-12.854,-12.702,-11.48,-11.797,-16.01,-18.194,-20.037,-19.149,-18.934,-17.266,-18.013,-18.79,-18.591,-18.48,-18.547,-18.136,-19.548,-19.709,-17.859,-16.749,-17.299,-19.029,-19.749,-21.558,-21.049,-20.493,-19.111,-18.995,-19.415,-19.347,-18.939,-19.839,-20.054,-19.856
0.0,-0.4,-2.074,-2.498,-7.157,-6.643,-7.82,-10.611,-10.508,-12.38,-13.21,-4.104,0.932,-1.495,-2.761,-2.497,-7.51,-18.172,-25.04,-29.691,-36.312,-38.894,-40.945,-42.826,-43.225,-44.997,-44.576,-43.793,-42.372,-43.233,-43.236,-46.168,-51.798,-54.37,-56.111,-55.116,-55.717,-56.682,-56.9,-58.027,-59.304,-59.778,-59.575,-59.042,-58.189,-55.129,-54.486,-53.204,-53.509,-54.043,-54.958,-55.844,-54.914,-55.218,-59.098,-60.552,-58.899,-56.377,-50.52,-50.475
0.0,-1.738,-2.422,-0.296,0.748,-0.1,-3.624,-3.591,-9.241,-14.811,-14.542,-15.04,-16.832,-16.33,-15.829,-15.657,-15.543,-15.486,-15.48,-15.644,-15.831,-16.05,-16.151,-15.999,-16.023,-16.108,-16.078,-16.118,-15.998,-16.068,-15.924,-15.754,-16.038,-16.028,-15.959,-16.08,-16.113,-15.892,-15.747,-15.729,-15.464,-15.79,-15.848,-15.83,-15.967,-15.815,-15.855,-15.865,-15.932,-15.941,-15.999,-15.997,-15.95,-15.856,-15.854,-15.916,-15.875,-15.946,-15.864,-16.022
0.0,1.732,5.085,7.701,9.677,12.557,14.369,14.955,14.836,13.407,12.3,10.706,9.069,7.901,16.004,19.891,20.874,19.607,20.955,20.603,19.144,19.984,21.75,24.975,25.859,28.438,31.029,31.063,33.503,33.231,33.354,32.285,32.944,36.605,38.404,39.1,38.974,39.097,41.222,46.907,45.771,48.669,51.423,51.645,52.878,55.833,55.571,56.352,55.246,54.635,55.696,56.135,54.7,53.217,52.506,52.26,52.587,52.395,52.118,49.331
0.0,1.635,0.107,-1.172,-2.293,-5.212,-9.42,-11.545,-14.158,-17.204,-18.82,-21.675,-20.747,-18.632,-20.455,-25.986,-24.924,-23.565,-22.671,-21.939,-19.725,-17.754,-17.631,-17.655,-16.103,-13.556,-11.795,-8.368,-11.663,-14.286,-13.736,-14.146,-11.233,-8.122,-3.675,0.555,6.249,9.939,7.694,5.277,5.413,4.939,4.824,1.617,-2.637,-2.81,-0.828,1.095,-2.039,-1.922,2.61,8.438,8.588,5.716,3.262,2.671,5.838,10.956,10.066,8.128
0.0,1.587,3.339,2.944,-2.439,-2.798,0.474,2.459,4.575,6.555,6.62,6.693,8.593,10.123,12.701,14.425,11.646,12.271,11.765,11.434,10.951,12.734,14.262,16.889,20.228,21.475,20.646,21.108,22.956,24.587,24.898,23.227,24.583,23.577,23.713,24.481,27.194,26.515,18.628,22.242,25.573,29.609,32.677,31.761,28.463,25.487,25.297,26.76,26.628,27.068,24.087,22.944,19.265,19.353,24.235,29.318,30.099,28.098,28.532,29.802
0.0,-0.361,-0.881,-0.421,0.635,6.511,4.967,3.004,0.616,-1.564,-3.842,-7.633,-8.661,-8.819,-10.865,-12.011,-13.127,-14.949,-14.629,-15.986,-17.065,-16.816,-16.145,-16.801,-17.154,-17.27,-16.886,-17.698,-18.833,-18.985,-18.443,-16.743,-16.735,-14.367,-16.066,-15.546,-15.568,-14.964,-14.984,-13.797,-12.364,-11.232,-10.684,-11.19,-40.088,-43.233,-45.387,-48.329,-49.689,-51.723,-53.564,-54.626,-54.713,-55.211,-55.772,-56.943,-59.194,-61.673,-62.819,-63.527
0.0,-1.712,-5.344,-7.058,-9.257,-10.462,-12.535,-12.055,-11.912,-11.1,-10.411,-10.134,-9.644,-9.684,-9.72,-9.535,-9.192,-10.7,-12.386,-12.08,-11.294,-10.543,-11.044,-10.936,-10.582,-9.396,-2.519,-5.168,-5.157,-5.482,-5.845,-6.072,-6.273,-6.102,-6.02,-5.988,-6.125,-5.878,-5.953,-5.55,-5.505,-5.188,-5.227,-5.103,-5.15,-5.098,-5.232,-5.465,-5.714,-5.79,-6.089,-6.198,-6.407,-4.769,-3.488,-3.855,-4.655,-4.793,-4.949,-5.589
0.0,0.002,-0.828,-1.337,-0.278,-0.346,-0.284,-0.255,1.208,2.807,3.585,4.385,1.749,-1.985,-4.594,-7.423,-6.628,-7.917,-7.594,-7.519,-7.721,-8.607,-9.614,-10.44,-12.465,-13.595,-14.625,-18.026,-18.342,-18.829,-18.765,-18.332,-18.336,-16.671,-15.126,-13.184,-13.011,-13.15,-13.883,-12.428,-12.346,-11.819,-9.788,-6.736,-5.78,-4.3,-1.816,-1.917,-1.912,-2.622,-2.47,-1.222,-1.893,-4.211,-5.871,-10.119,-14.646,-15.297,-15.869,-17.795
0.0,2.646,4.837,7.28,7.385,7.962,7.772,10.102,10.917,10.453,10.937,11.435,8.173,7.269,9.085,10.628,9.621,8.057,5.844,5.498,8.669,12.768,13.963,15.218,22.192,32.0,31.539,30.797,29.151,30.281,30.043,29.264,27.664,28.178,30.795,29.888,28.992,29.002,26.603,19.103,14.275,7.74,1.19,0.919,0.603,-6.946,-14.555,-16.227,-15.567,-15.197,-16.044,-16.652,-16.286,-18.201,-17.91,-17.022,-17.883,-19.856,-19.42,-21.284
0.0,-1.816,-7.022,-5.946,-8.773,-14.396,-8.661,10.861,10.293,4.091,6.441,10.577,9.439,13.861,19.757,25.258,25.107,24.266,25.424,30.088,30.827,34.135,33.456,31.016,30.487,30.495,29.891,28.513,25.743,23.879,24.009,15.58,17.7,20.923,25.418,27.853,33.639,34.358,36.316,35.914,28.123,25.684,26.565,29.363,28.671,25.925,24.934,26.235,26.09,25.788,27.9,29.647,30.399,29.938,30.797,31.979,33.484,35.875,38.655,38.15
0.0,0.594,4.57,6.079,8.636,10.189,11.467,11.487,10.162,9.571,12.875,19.653,19.08,17.903,17.389,17.379,19.508,21.668,24.311,25.582,26.393,26.145,25.183,25.009,26.121,29.555,31.829,32.696,33.648,32.401,32.343,31.204,28.766,28.152,29.912,30.904,31.796,33.325,33.79,33.815,32.893,34.381,34.754,36.459,40.817,47.095,51.932,55.529,58.337,59.423,60.055,60.538,61.387,61.582,63.804,65.341,67.251,69.882,72.509,74.364
0.0,-1.863,-1.438,-4.591,-6.577,-6.071,-4.539,-3.098,-3.574,-2.021,-0.05,2.16,-0.409,-1.268,0.008,2.126,0.66,1.063,-1.177,-2.946,-2.185,-1.449,-2.628,-3.786,-3.737,-3.17,-2.345,-1.314,-3.449,-7.052,-9.901,-13.01,-15.126,-15.045,-16.357,-18.209,-18.964,-18.553,-18.454,-20.095,-19.816,-19.424,-19.608,-19.703,-20.04,-22.82,-23.602,-24.692,-27.768,-28.553,-28.991,-31.122,-28.055,-27.086,-27.983,-27.771,-27.456,-27.234,-28.135,-26.783
0.0,-1.335,-2.542,-2.797,-2.38,-3.205,-2.815,1.747,1.416,1.341,0.705,-0.273,-6.718,-9.401,-10.253,-10.544,-10.977,-12.583,-13.919,-15.966,-17.501,-16.522,-14.48,-13.829,-13.818,-17.496,-19.722,-19.943,-20.478,-21.479,-21.292,-23.542,-24.516,-26.18,-26.465,-26.756,-26.595,-24.984,-23.161,-20.288,-19.132,-17.641,-17.744,-18.171,-18.445,-18.274,-18.758,-17.454,-17.742,-13.389,-9.263,-9.657,-8.554,-7.169,-5.935,-5.494,-5.07,-4.739,-3.856,-2.57
0.0,-1.014,-1.941,-2.746,-3.715,-3.745,-3.609,-3.83,-4.486,-4.531,-5.506,-5.271,-4.335,-2.936,-0.366,0.762,2.694,6.154,7.932,2.624,-9.2,-10.053,-10.608,-12.719,-14.333,-14.07,-13.882,-13.719,-12.709,-10.003,-8.892,-7.472,-6.733,-6.023,-5.357,-5.462,-5.799,-6.238,-6.936,-8.366,-7.933,-6.414,-6.955,-8.19,-8.463,-6.735,-7.056,-8.391,-9.622,-8.648,-9.607,-10.125,-10.474,-9.4,-9.156,-8.961,-9.286,-6.036,-5.535,-8.181
0.0,0.783,0.358,-2.206,-4.59,-4.536,0.413,1.323,1.206,1.932,0.878,-2.017,-2.049,-1.81,-1.836,-2.236,-0.661,-0.585,-0.758,0.662,2.692,1.084,-0.853,-2.623,-4.053,-5.138,-5.905,-6.108,-6.629,-7.834,-9.134,-9.844,-11.09,-11.321,-10.442,-9.558,-9.08,-8.252,-8.464,-7.841,-6.754,-7.464,-8.694,-11.128,-13.783,-15.637,-16.72,-15.214,-16.576,-17.755,-17.859,-17.265,-16.3,-15.536,-14.305,-12.711,-10.875,-5.875,-4.673,-7.217
0.0,-11.526,-29.22,-42.264,-41.848,-41.357,-41.021,-40.893,-44.921,-43.802,-37.989,-28.287,-27.531,-9.609,-6.694,9.41,12.604,10.987,6.434,7.424,7.658,7.866,9.474,0.888,0.425,11.202,11.933,19.93,16.042,7.444,20.809,22.072,17.62,18.092,21.433,25.999,31.733,33.307,33.289,33.203,40.735,43.814,43.999,46.556,45.16,44.217,42.218,43.302,45.244,44.011,39.62,35.439,33.771,27.31,27.608,24.386,21.27,17.838,15.243,15.014
0.0,1.123,2.448,2.524,1.879,0.957,-0.744,-2.699,-2.101,-1.974,-2.927,-0.609,3.408,1.367,-2.661,-1.41,-3.381,-2.436,0.902,3.497,1.76,-1.0,-5.267,-11.336,-17.685,-21.754,-22.8,-20.735,-17.888,-18.36,-21.334,-22.609,-20.109,-17.783,-15.794,-13.859,-17.389,-18.955,-18.693,-19.084,-19.57,-21.034,-22.883,-20.931,-23.559,-21.13,-20.726,-19.65,-18.779,-15.119,-9.182,-0.021,4.902,14.833,20.445,19.944,21.191,24.553,26.84,26.606
0.0,1.784,0.219,-1.333,0.485,1.253,2.164,4.552,7.414,9.14,9.811,9.763,7.904,7.923,7.305,6.811,4.221,3.563,3.454,4.137,3.982,4.55,4.748,4.854,4.574,3.817,4.468,4.932,5.349,4.626,3.093,2.326,2.908,4.154,3.477,3.233,2.823,3.047,2.511,1.28,2.521,3.219,2.964,3.633,4.885,5.523,6.566,6.705,7.639,7.584,6.78,5.428,4.416,4.651,6.396,7.664,7.751,8.771,8.759,8.56
0.0,-1.243,-2.738,-2.527,-0.145,0.369,-0.911,-2.363,-3.855,-4.951,-5.373,-7.442,-10.237,-12.562,-12.727,-14.242,-16.691,-18.438,-22.377,-26.757,-24.701,-14.192,-7.529,-0.629,1.939,3.918,2.719,4.932,7.852,8.227,9.721,8.725,9.717,12.416,14.44,16.414,19.415,23.767,28.915,28.872,29.755,30.074,31.59,33.363,34.132,38.577,39.495,35.145,35.086,34.737,39.354,40.175,39.136,42.444,42.213,44.779,46.299,47.006,48.875,51.478
0.0,-0.018,-0.214,-0.545,-0.602,-0.738,-0.795,-1.153,-1.292,-1.463,-1.742,-1.99,-1.959,-2.237,-2.302,-2.513,-2.436,-2.66,-2.484,-2.708,-2.568,-2.774,-2.658,-2.847,-2.746,-2.776,-2.803,-2.702,-2.856,-2.941,-2.825,-2.858,-2.878,-2.851,-2.863,-2.958,-3.049,-3.15,-3.007,-2.946,-3.108,-3.289,-3.243,-3.224,-3.031,-3.078,-2.908,-3.099,-3.094,-3.027,-2.987,-2.994,-3.179,-3.335,-3.196,-3.22,-3.226,-3.183,-3.235,-3.226
0.0,0.778,1.2,0.87,0.821,1.615,3.563,5.987,7.606,8.757,12.1,14.005,17.749,20.913,22.525,22.756,24.654,27.264,29.551,31.049,32.78,34.247,35.036,35.565,36.366,36.764,36.411,37.492,36.671,38.044,41.798,44.265,50.716,57.233,64.206,69.521,74.367,78.717,82.101,85.159,88.376,89.313,89.973,91.453,94.108,97.905,96.909,97.075,99.886,101.177,101.512,101.592,99.752,100.404,102.349,106.008,104.78,104.341,100.778,102.031
0.0,-0.61,-1.541,1.74,3.182,4.088,5.281,5.035,5.559,5.104,5.795,6.313,7.556,8.74,8.327,7.288,8.175,9.3,9.76,11.271,10.416,11.129,13.26,13.63,13.006,12.572,14.914,17.028,17.007,16.696,15.253,15.71,17.996,19.784,22.86,23.462,23.667,23.814,27.256,29.723,32.602,34.302,34.062,33.873,37.051,37.607,36.882,36.254,37.53,39.755,41.333,41.422,43.114,45.935,46.975,49.472,48.651,52.502,55.767,60.962
0.0,9.561,10.049,15.079,25.595,34.546,35.507,34.843,34.667,35.609,34.659,34.232,30.643,24.075,19.468,7.371,11.68,17.895,21.583,22.531,15.368,-0.375,-0.46,5.582,12.205,17.203,16.826,16.714,20.146,34.367,35.439,34.572,35.882,32.699,21.791,15.499,14.19,19.035,23.727,22.492,22.968,23.776,23.149,18.435,17.657,16.189,18.257,17.142,20.231,21.494,25.211,37.349,41.903,43.871,45.233,41.563,41.793,43.031,46.297,61.322
0.0,1.714,3.004,0.787,-1.651,-3.417,-1.289,3.109,7.339,9.256,10.469,8.287,6.7,6.226,6.352,8.109,10.107,11.412,11.968,12.441,14.225,15.309,16.137,17.805,16.442,15.205,16.358,16.22,16.94,17.865,20.175,25.443,22.84,21.316,22.677,20.532,18.756,15.479,13.293,13.383,10.943,14.548,15.507,17.364,16.099,15.589,13.204,12.749,13.929,15.013,17.175,14.921,17.537,20.067,21.386,19.022,19.25,20.783,24.737,27.067
0.0,-0.659,2.818,1.263,-5.493,-9.812,-7.457,-2.75,0.503,0.69,0.62,-0.414,1.398,-1.698,-3.814,-10.792,-9.263,-11.774,-13.713,-14.111,-11.565,-10.618,-11.617,-14.384,-14.958,-15.44,-12.62,-14.46,-17.616,-20.571,-22.237,-21.463,-44.548,-38.379,-36.853,-36.37,-38.838,-36.36,-33.184,-31.901,-31.071,-30.075,-28.685,-28.15,-24.631,-20.295,-15.502,-15.213,-10.425,-7.767,-5.923,-2.179,3.417,4.453,4.923,5.428,5.818,5.945,4.485,0.675
0.0,0.0,0.0,0.0,0.0,0.0,0.0,0.0,0.0,0.0,0.0,0.0,0.0,0.0,0.0,0.0,0.0,0.0,0.0,0.0,0.0,0.0,0.0,0.0,0.0,0.0,0.0,0.0,0.0,0.0,0.0,0.0,0.0,0.0,0.0,12.159,14.788,15.344,15.903,17.102,16.511,17.136,17.059,16.2,15.629,16.841,18.767,17.555,15.605,11.437,11.065,12.848,16.515,18.097,17.505,15.976,15.338,16.394,15.838,15.328
0.0,3.676,9.558,10.293,13.234,13.969,14.704,18.38,19.85,21.32,22.791,23.526,25.732,28.331,30.788,32.293,34.017,34.311,35.619,38.024,43.203,46.178,46.942,47.465,48.406,49.691,50.821,51.954,52.283,51.841,51.119,48.333,46.42,45.768,45.777,43.342,38.23,36.024,34.554,33.819,32.348,31.613,30.878,30.143,30.143,30.878,28.672,27.202,27.937,28.672,30.143,30.878,33.819,36.024,36.024,36.759,35.289,36.759,38.23,36.759
0.0,-2.267,-6.289,-9.127,-12.271,-14.971,-16.418,-16.824,-16.138,-16.6,-17.137,-15.242,-13.999,-13.021,-12.28,-12.814,-16.074,-19.861,-21.75,-22.928,-26.105,-28.42,-29.104,-30.048,-34.81,-35.77,-37.855,-41.786,-43.257,-42.005,-40.337,-36.78,-36.003,-34.46,-32.676,-31.305,-30.334,-29.752,-30.768,-32.693,-33.235,-37.776,-47.799,-49.127,-51.997,-52.635,-54.953,-57.103,-59.396,-59.989,-61.943,-61.12,-61.253,-61.368,-60.891,-61.082,-60.777,-60.101,-59.498,-58.728
0.0,-3.194,-5.006,-3.826,-14.551,-15.372,-14.292,-17.072,-20.127,-20.965,-26.045,-26.527,-22.933,-22.997,-22.392,-20.702,-16.571,-12.941,-13.408,-13.193,-12.279,-11.409,-11.654,-16.456,-20.529,-10.673,-3.241,4.358,12.192,14.78,9.015,6.408,-4.855,6.371,7.203,7.7,9.99,-5.115,-8.873,-8.026,-5.253,-13.252,-23.974,-22.521,-22.417,-19.698,-19.428,-19.235,-16.971,-20.8,-19.459,-17.489,-19.499,-21.396,-22.968,-24.557,-28.491,-33.661,-35.873,-38.615
0.0,-1.826,-2.733,-3.729,-4.808,-6.191,-8.81,-12.817,-14.676,-17.379,-21.581,-25.238,-28.52,-30.82,-32.284,-33.848,-34.335,-36.184,-37.08,-35.185,-33.661,-32.494,-30.135,-27.605,-28.243,-28.252,-28.771,-29.312,-27.52,-26.743,-26.546,-27.175,-25.813,-26.133,-25.385,-24.038,-22.399,-21.91,-21.604,-21.179,-20.408,-20.133,-20.104,-19.788,-19.04,-18.249,-17.051,-16.494,-16.162,-14.946,-14.015,-12.837,-12.171,-11.457,-10.128,-11.542,-12.82,-16.248,-19.942,-22.563
0.0,0.213,0.105,-0.156,-3.602,-6.109,-3.932,-5.089,-1.621,-3.886,-6.296,-5.847,-6.671,-6.663,-6.366,-6.215,-5.597,-5.836,-6.0,-4.249,-1.643,0.161,0.632,-0.135,-1.839,-2.394,-2.222,-1.144,-0.056,0.174,0.677,1.287,1.171,1.496,1.783,1.325,1.931,2.053,2.088,2.28,1.656,0.86,1.495,2.146,3.86,7.811,13.317,11.691,5.522,9.347,0.151,-10.439,-13.972,-12.318,-10.197,-10.224,-10.247,-9.573,-8.467,-6.835
0.0,-0.085,-0.21,-0.472,-0.372,-0.574,-0.643,-0.882,-0.948,-0.709,-0.516,-0.83,-0.934,-0.778,-0.809,-0.891,-0.825,-0.843,-0.881,-0.884,-0.997,-0.901,-1.018,-0.892,-1.013,-1.078,-1.019,-1.035,-1.025,-0.966,-1.087,-0.972,-1.017,-1.052,-1.068,-0.919,-1.073,-1.162,-1.069,-1.128,-1.073,-1.12,-1.105,-0.958,-1.085,-1.068,-1.21,-1.13,-1.1,-1.071,-1.018,-1.139,-1.143,-1.058,-1.009,-1.185,-1.14,-1.189,-1.067,-1.111
0.0,-0.25,-0.164,-0.372,-1.07,-1.259,-1.413,-1.351,-1.049,-1.026,-1.865,-2.047,-2.012,-2.059,-2.199,-2.408,-5.401,-6.522,-5.792,-7.917,-7.837,-7.457,-4.937,0.659,7.846,5.636,6.975,8.066,9.061,10.145,10.27,9.506,9.667,12.912,15.987,17.315,17.831,18.889,20.563,21.116,21.798,22.011,22.333,22.28,22.256,21.718,21.956,23.421,26.821,29.445,29.053,27.609,26.796,25.66,24.856,23.881,23.813,25.16,26.178,26.928
0.0,0.718,2.667,3.522,4.716,6.544,6.745,8.576,10.137,10.587,10.498,14.551,16.241,19.346,21.749,24.361,25.625,28.143,31.243,32.187,33.679,36.368,36.698,37.697,39.043,41.286,40.356,41.954,44.095,45.824,45.381,44.084,41.881,40.136,40.281,42.811,44.233,44.935,42.805,42.281,48.628,53.584,53.805,53.714,52.553,57.048,59.769,58.297,57.128,55.228,53.562,54.911,56.733,55.019,52.774,57.973,60.083,62.593,67.538,70.702
0.0,-1.823,-2.749,-9.653,-18.505,-20.504,-24.214,-26.619,-29.353,-24.191,-24.145,-28.045,-28.006,-28.616,-23.947,-13.406,-15.973,-9.553,-0.607,7.471,24.349,33.938,40.649,40.602,40.558,41.344,44.126,49.813,51.526,53.0,52.515,53.903,56.198,59.443,62.039,62.923,63.024,62.604,63.047,64.773,65.155,63.763,63.421,60.182,58.339,57.142,57.331,56.861,56.139,54.471,50.006,43.217,34.988,27.321,20.732,14.54,11.828,7.202,2.896,-1.609
0.0,-1.933,-2.343,-2.231,-2.322,-1.728,1.153,1.61,0.89,1.32,4.449,6.393,7.932,10.052,12.303,14.655,18.46,19.454,19.214,20.334,21.151,21.755,23.803,24.014,26.727,28.695,31.11,34.931,38.16,41.352,42.87,44.968,44.795,44.618,41.024,37.322,33.883,35.772,41.577,42.848,41.004,38.55,36.039,32.37,29.425,28.731,27.627,28.146,27.918,28.507,28.321,28.796,27.007,25.263,24.982,23.373,22.868,21.575,19.642,17.665
0.0,2.091,3.724,7.357,10.372,10.639,13.079,15.154,16.574,18.171,20.584,23.542,25.048,27.0,27.656,27.477,27.231,27.156,26.929,26.898,27.436,27.658,27.419,26.784,26.641,25.022,26.257,27.204,28.215,28.592,29.126,27.636,26.132,23.779,21.947,21.236,20.832,20.892,20.164,21.036,22.399,23.654,23.641,23.84,23.428,23.673,21.881,18.522,17.478,16.876,17.546,18.648,19.455,20.188,21.759,22.168,22.005,22.984,23.772,25.42
0.0,0.668,1.24,3.291,4.939,4.237,3.782,3.159,3.722,4.01,4.422,5.489,7.425,9.054,10.67,13.676,15.111,15.834,17.26,17.231,19.257,21.977,19.569,17.446,16.465,17.014,14.075,12.452,8.812,4.707,2.72,1.057,-0.161,-3.88,-4.559,-6.36,-8.362,-8.065,-7.867,-9.092,-11.037,-14.005,-17.926,-21.213,-23.104,-23.941,-24.637,-25.007,-23.245,-20.139,-18.371,-17.868,-18.712,-20.379,-21.312,-21.919,-19.388,-18.85,-16.715,-15.371
0.0,-0.554,0.64,4.909,6.566,8.147,10.25,10.674,12.696,16.447,20.467,23.523,25.046,27.053,30.397,33.35,36.513,37.814,37.848,37.635,37.441,40.195,46.034,49.575,52.846,55.833,56.268,57.185,58.757,59.552,60.175,59.759,59.659,60.195,59.965,58.009,54.321,51.559,50.595,47.952,46.659,45.389,44.949,45.724,46.746,48.282,50.993,55.948,59.307,62.127,63.821,66.559,70.789,70.812,66.867,63.979,62.683,61.046,51.923,46.253
0.0,-1.244,0.561,2.052,0.35,-1.844,-4.428,-6.076,-5.145,-3.074,-3.659,-4.78,-4.847,-5.348,-5.461,-5.67,-6.873,-6.748,-5.908,-3.077,-1.816,-1.482,-3.971,-5.345,-4.949,-3.952,-2.705,-3.428,-5.176,-7.327,-6.181,-5.264,-5.369,-6.36,-8.655,-9.746,-11.379,-12.45,-12.599,-13.107,-14.647,-15.603,-15.458,-15.249,-14.091,-12.585,-13.745,-12.316,-9.822,-6.371,-3.363,-0.742,1.057,0.236,2.206,2.67,0.872,-1.496,-2.889,-4.312
0.0,-3.891,-7.882,-9.048,-9.408,-11.497,-13.985,-14.263,-12.291,-12.25,-11.752,-10.168,-8.945,-9.154,-6.955,-5.827,-7.906,-9.563,-9.486,-10.849,-12.344,-13.412,-13.831,-13.114,-13.914,-15.337,-17.091,-19.192,-23.949,-27.628,-29.981,-29.782,-30.465,-32.793,-34.45,-36.357,-40.045,-49.52,-55.899,-57.388,-56.669,-57.04,-57.528,-57.775,-57.858,-58.476,-58.008,-56.879,-54.018,-52.159,-51.449,-51.217,-51.734,-52.22,-53.338,-53.164,-53.581,-51.155,-50.005,-49.604
0.0,-2.104,-4.473,-4.44,-4.484,-5.473,-6.14,-7.339,-8.644,-8.945,-9.973,-10.484,-11.682,-12.49,-13.311,-13.696,-14.46,-15.968,-20.388,-22.185,-22.646,-22.474,-21.788,-20.607,-20.084,-19.518,-19.919,-20.868,-21.561,-22.947,-23.522,-24.457,-22.729,-16.438,-33.088,-36.583,-38.912,-40.15,-44.332,-47.46,-46.383,-47.508,-49.641,-50.844,-50.805,-50.789,-51.294,-51.429,-51.18,-51.157,-51.247,-51.445,-51.359,-51.442,-50.566,-50.787,-50.513,-50.168,-49.957,-50.275
0.0,-0.832,-0.308,0.774,3.792,3.603,1.525,-1.262,-2.898,-2.611,-1.243,-3.275,-5.941,-6.254,2.946,-9.478,-10.405,-9.812,-8.406,-6.829,-5.301,-3.769,0.313,-0.385,-3.385,-6.797,-11.278,-14.119,-15.43,-13.988,-13.893,-14.936,-13.716,-13.981,-13.251,-12.112,-11.157,-9.487,-8.078,-7.405,-9.456,-9.84,-10.84,-11.873,-14.262,-14.798,-13.924,-15.183,-17.182,-19.198,-22.224,-19.887,-23.545,-23.373,-21.984,-21.459,-19.448,-21.172,-21.676,-21.03
0.0,0.0,0.0,0.0,0.0,0.0,0.0,0.0,-14.064,-17.569,-18.085,-19.82,-20.502,-19.108,-16.52,-20.259,-23.49,-28.335,-30.188,-32.732,-32.36,-31.71,-32.674,-32.524,-31.829,-30.846,-28.285,-28.559,-29.379,-28.194,-24.897,-21.656,-18.689,-14.701,0.0,0.0,0.0,0.0,0.0,0.0,0.0,0.0,0.0,0.0,0.0,0.0,0.0,0.0,0.0,0.0,0.0,0.0,0.0,0.0,0.0,0.0,0.0,0.0,0.0,0.0
0.0,-8.596,-11.947,-11.976,-13.642,-12.214,-9.97,-10.014,-11.446,-11.657,-11.081,-13.393,-17.329,-19.089,-18.202,-19.817,-20.758,-19.143,-16.86,-16.496,-16.75,-15.286,-15.636,-14.692,-14.445,-13.703,-10.936,-8.371,-7.036,-5.91,-3.955,-5.479,-3.768,-3.015,-3.859,-3.748,-3.763,-1.322,-0.073,0.39,-5.423,-13.958,-15.97,-17.637,-23.886,-28.903,-37.302,-46.585,-47.894,-49.711,-49.481,-54.093,-56.891,-57.577,-56.651,-56.496,-58.566,-60.173,-60.558,-62.073
0.0,1.644,3.023,2.979,3.228,3.309,4.073,4.92,4.851,5.017,1.832,-0.741,-4.184,-4.359,-0.285,-0.883,-2.773,-4.531,-3.363,-9.024,-8.689,-13.778,-12.782,-11.437,-10.708,-10.304,-10.963,-8.434,-7.325,-7.407,-5.707,-2.726,-3.485,-1.422,-1.297,-0.458,-2.051,-0.259,0.282,1.439,1.759,1.82,2.973,3.282,5.01,5.399,6.457,7.231,8.374,8.529,9.788,8.423,11.3,14.061,17.742,21.064,21.988,21.646,20.196,20.983
0.0,-0.022,-0.791,-1.096,-0.019,-0.822,-2.514,-3.487,-2.223,-1.289,-1.408,-2.9,-3.744,-5.129,-5.637,-4.891,-3.794,-3.475,-2.95,-1.769,-0.652,-0.889,-2.265,-4.504,-4.51,-6.731,-8.402,-9.509,-11.091,-11.246,-12.68,-11.889,-11.449,-12.816,-13.785,-13.835,-13.403,-13.69,-14.107,-13.428,-14.388,-21.662,-22.68,-22.135,-22.622,-22.82,-22.363,-23.94,-24.093,-25.625,-25.187,-24.686,-25.575,-26.35,-26.758,-27.225,-28.482,-29.142,-24.863,-27.465
0.0,0.012,0.187,0.072,0.09,0.144,0.189,0.084,0.167,0.01,0.079,0.219,-0.06,0.361,0.253,0.229,0.212,0.089,-0.034,-0.094,0.163,-0.11,-0.071,-0.09,-0.217,0.057,-0.296,-0.012,0.198,0.062,0.14,0.335,0.481,0.828,0.783,0.678,0.609,0.423,0.692,0.698,0.507,0.728,0.653,0.907,0.566,0.637,0.795,0.749,0.535,0.922,0.792,0.757,0.888,0.802,0.723,0.633,0.983,0.888,0.95,0.869
0.0,-4.208,-10.832,-16.105,-20.816,-23.514,-23.463,-24.122,-22.977,-23.403,-26.306,-27.542,-29.591,-29.705,-29.995,-29.543,-29.673,-28.658,-28.55,-26.778,-26.072,-27.139,-26.928,-27.097,-28.277,-30.26,-34.012,-34.961,-38.112,-40.509,-43.54,-47.15,-47.974,-49.014,-50.137,-49.23,-45.771,-40.138,-36.72,-30.472,-31.438,-27.602,-22.206,-18.128,-15.043,-10.673,-9.649,-6.467,-2.609,0.315,4.071,6.089,5.644,13.168,12.771,11.13,9.232,11.137,9.323,4.605
0.0,1.138,2.871,3.56,4.939,7.072,7.732,11.592,13.673,17.236,19.165,20.402,22.837,23.663,24.265,25.523,25.11,25.704,27.309,28.351,31.203,33.661,35.661,37.707,38.732,39.987,40.938,45.448,47.651,49.237,50.361,51.87,51.297,52.323,53.713,55.25,58.283,59.667,61.777,63.411,64.979,65.751,67.982,68.489,69.892,70.937,71.738,73.674,75.387,76.151,76.301,77.217,77.562,78.348,80.254,81.609,82.25,82.272,82.144,81.699
0.0,-3.473,-3.734,-4.308,-5.083,-7.51,-9.452,-10.997,-13.985,-16.06,-17.959,-28.705,-30.587,-31.872,-33.066,-36.111,-41.861,-47.677,-54.118,-58.958,-63.127,-64.566,-68.272,-69.589,-73.173,-79.02,-80.617,-82.298,-84.461,-88.644,-91.265,-93.188,-95.645,-98.239,-100.674,-101.958,-102.9,-104.708,-106.718,-109.156,-112.276,-114.057,-115.698,-119.008,-117.921,-118.089,-119.343,-120.467,-120.367,-120.766,-123.399,-126.015,-131.56,-135.693,-140.23,-143.594,-145.942,-148.921,-148.069,-149.629
0.0,-2.762,-3.119,-2.425,-3.572,-5.43,-9.384,-11.814,-13.73,-16.538,-17.928,-18.93,-19.668,-21.353,-23.682,-24.13,-25.056,-23.567,-22.725,-18.889,-17.197,-14.961,-12.779,-10.433,-10.549,-10.8,-7.456,-6.09,-2.306,0.125,2.656,4.624,5.733,10.808,14.943,17.537,17.648,16.991,16.827,16.055,15.779,17.866,16.136,14.589,13.307,11.02,10.688,10.411,10.48,10.772,11.088,9.559,6.826,3.823,1.77,1.396,-0.119,1.968,2.651,1.886
0.0,0.97,1.665,1.19,0.54,0.489,-0.538,5.561,6.184,7.564,7.71,7.734,7.302,7.546,7.879,8.208,8.036,8.028,7.578,6.527,6.892,7.188,6.967,7.369,8.75,7.894,7.686,6.505,4.691,4.264,5.795,4.923,4.57,4.279,3.403,1.556,-11.575,-12.31,-12.31,-12.31,-12.31,-12.31,-12.31,-12.31,-12.31,-12.31,-12.31,-5.732,0.125,2.11,2.248,-0.102,-5.607,-12.31,-12.31,-12.31,-12.31,-12.31,-12.31,-12.31
0.0,-1.636,-7.691,-10.576,-11.481,-11.996,-23.778,-29.095,-32.364,-39.242,-40.585,-41.725,-44.284,-45.302,-45.964,-47.229,-49.456,-50.678,-51.694,-53.033,-57.963,-61.153,-63.351,-65.91,-67.38,-69.806,-69.904,-70.33,-69.813,-67.767,-69.258,-69.938,-71.2,-68.013,-68.141,-68.566,-66.147,-69.657,-70.769,-70.747,-72.435,-76.253,-83.354,-86.146,-88.319,-90.762,-88.863,-90.297,-89.59,-90.646,-90.358,-89.991,-90.067,-88.547,-90.374,-90.46,-91.169,-91.968,-92.929,-93.436
0.0,5.072,5.326,4.445,6.432,12.488,16.266,16.352,16.933,15.567,17.889,19.029,20.875,22.442,24.189,23.185,21.797,23.453,22.678,21.85,24.486,25.494,22.874,24.312,21.661,17.949,13.848,9.063,2.829,-1.132,-0.724,1.397,0.719,-1.42,-0.809,-1.245,-1.06,-1.233,-2.764,-2.179,-1.253,0.867,3.608,4.135,5.225,8.488,12.137,17.138,21.882,26.835,29.145,31.024,35.082,43.345,43.146,43.373,43.69,48.625,50.111,53.068
0.0,1.276,5.653,6.761,8.403,10.551,12.472,14.444,17.619,19.563,22.923,27.042,27.643,27.234,26.55,31.944,35.779,33.609,33.466,33.178,30.909,32.252,33.25,30.394,27.557,26.623,28.236,26.448,32.822,36.16,34.347,21.193,21.709,21.362,18.04,15.338,9.667,9.825,10.451,14.283,14.56,26.109,39.906,59.092,68.297,71.039,74.245,75.942,79.353,80.634,82.539,84.639,84.168,86.49,86.257,88.106,91.19,92.621,92.154,83.993
0.0,5.561,7.466,8.505,23.248,28.145,27.735,24.706,20.531,16.699,10.657,9.808,5.001,8.09,8.426,4.336,6.335,6.14,4.569,-0.42,-3.24,-7.433,-6.698,-11.944,-12.926,-13.101,-15.552,-19.84,-26.615,-29.505,-29.755,-26.166,-24.267,-26.133,-26.051,-27.438,-28.087,-29.463,-29.053,-30.627,-31.555,-32.843,-33.755,-33.255,-31.668,-30.289,-28.812,-24.353,-22.169,-18.851,-16.933,-15.129,-14.398,-6.811,-8.091,-16.132,-19.215,-20.355,-22.624,-26.411
0.0,0.784,-0.045,-0.859,-3.143,-3.266,-2.986,-0.602,-0.658,-3.403,-6.996,-8.802,-14.685,-13.642,-12.325,-12.171,-11.921,-10.067,-12.156,-12.959,-12.713,-13.021,-26.782,-27.218,-30.036,-32.007,-32.782,-34.424,-36.943,-39.14,-40.966,-43.184,-44.419,-45.785,-48.396,-48.317,-48.176,-47.983,-48.577,-46.862,-48.538,-49.647,-49.508,-50.062,-49.677,-48.059,-48.738,-48.803,-50.819,-51.381,-51.897,-49.927,-49.906,-48.347,-48.3,-43.264,-40.248,-35.499,-37.731,-39.799
0.0,0.091,1.318,2.826,4.178,4.856,5.286,5.791,6.435,5.729,6.278,6.94,6.894,9.096,10.876,12.801,13.714,14.637,15.693,16.594,18.477,19.504,18.245,22.967,24.655,27.204,29.896,34.114,37.196,40.738,45.111,50.414,53.41,54.523,53.949,54.963,58.141,53.808,48.296,45.947,44.735,47.906,51.233,53.091,51.737,52.0,51.491,54.345,56.859,57.863,58.614,59.242,60.323,61.354,62.094,64.954,65.452,68.089,68.606,69.176
0.0,-3.329,-1.284,1.347,1.643,3.441,5.738,15.93,26.007,27.985,31.305,35.606,39.75,42.187,41.957,42.122,41.824,46.018,50.99,54.231,50.508,48.622,43.416,35.541,31.094,26.479,18.877,9.051,1.87,-6.381,-13.669,-23.84,-33.334,-38.405,-42.604,-45.202,-45.087,-46.031,-47.601,-48.777,-49.474,-49.311,-46.22,-44.3,-32.328,-20.426,-9.421,1.812,7.265,13.014,13.409,11.711,12.82,14.557,12.435,13.43,16.521,23.929,27.665,29.878
0.0,0.904,-0.864,1.306,2.817,3.048,7.524,11.1,11.756,12.374,12.021,14.276,15.044,16.183,19.273,20.238,20.116,20.818,21.786,23.215,22.286,22.596,22.52,22.381,22.15,22.069,22.156,21.917,21.32,20.047,18.051,14.141,12.779,1.999,1.595,-5.719,-7.953,-12.641,-15.17,-18.45,-24.359,-27.363,-26.946,-26.66,-28.635,-26.564,-26.532,-25.548,-21.047,-19.559,-19.339,-17.562,-15.205,-13.799,-13.042,-14.288,-12.64,-9.867,-2.946,1.685
0.0,0.044,0.705,1.622,2.263,4.789,7.128,7.618,5.308,4.268,2.864,2.731,2.111,2.707,3.529,6.253,8.681,16.456,20.458,23.619,28.176,34.49,40.131,41.192,41.95,43.237,42.051,47.132,46.193,45.035,45.993,44.7,43.908,41.421,38.759,35.358,38.294,37.549,37.12,35.374,30.372,28.75,27.574,27.329,22.366,17.163,12.264,11.256,9.397,9.478,9.764,7.381,8.906,8.875,9.765,13.105,18.56,20.272,25.258,34.713
0.0,4.743,9.036,14.625,16.509,17.725,19.593,17.195,14.821,13.685,11.464,11.499,11.644,12.479,12.641,11.115,10.237,8.694,8.864,8.057,8.502,5.553,6.278,2.624,0.057,-1.48,-3.787,-6.546,-7.579,-9.683,-11.854,-14.944,-16.098,-15.269,-14.683,-13.528,-5.32,-4.693,-3.899,-2.443,-3.122,-2.761,1.508,-0.383,-1.318,-1.288,-1.987,-1.988,-2.277,-4.176,-5.103,-5.879,-5.802,-6.628,-6.584,-6.647,-7.894,-8.055,-9.486,-10.229
0.0,0.36,-0.128,-0.77,-1.602,-4.053,-4.559,-5.722,-6.812,-7.31,-8.542,-9.398,-10.202,-10.195,-10.675,-10.066,-8.414,-7.74,-7.843,-6.899,-6.79,-5.52,-4.251,-2.414,-2.716,-1.981,-0.258,0.836,2.385,4.749,6.612,7.495,9.062,9.936,11.424,13.523,15.81,18.029,19.861,21.571,22.918,24.476,26.569,27.605,27.129,30.5,30.96,30.992,31.03,31.301,31.923,33.506,33.966,34.105,34.077,34.254,34.935,35.832,36.291,37.377
0.0,1.766,1.49,-5.345,-4.345,-3.645,-1.051,-7.274,-7.689,-7.505,-7.632,-7.594,-8.295,-5.983,-7.903,-10.177,-9.703,-11.921,-14.81,-17.172,-18.969,-20.314,-21.933,-22.65,-24.298,-25.933,-29.224,-30.922,-31.659,-32.166,-32.801,-33.275,-32.0,-32.99,-33.25,-34.122,-36.051,-37.111,-41.289,-37.235,-33.611,-33.65,-32.5,-30.493,-27.172,-23.632,-25.015,-25.596,-24.012,-19.397,-20.042,-22.398,-24.15,-25.071,-26.652,-25.552,-24.439,-20.474,-15.402,-14.202
0.0,-1.234,-1.957,-2.528,-6.039,-9.471,-11.947,-18.995,-28.968,-32.501,-33.629,-28.355,-31.206,-40.942,-47.808,-48.06,-45.681,-44.593,-45.286,-48.788,-50.582,-51.335,-53.206,-56.868,-69.401,-79.156,-91.508,-94.534,-99.419,-100.156,-99.886,-105.338,-107.462,-107.83,-109.342,-111.682,-112.714,-110.582,-108.227,-106.021,-103.081,-95.729,-88.377,-79.555,-72.203,-68.527,-68.527,-69.998,-71.468,-75.879,-75.144,-73.673,-67.792,-63.381,-59.705,-58.235,-54.559,-50.148,-47.942,-46.472
0.0,-7.895,-10.923,-14.897,-18.32,-19.981,-20.862,-22.392,-24.612,-24.816,-25.669,-31.831,-28.136,-23.078,-23.672,-27.269,-26.351,-19.991,-16.687,-12.982,-13.275,-13.672,-11.896,-12.207,-13.026,-11.488,-10.027,-9.419,-10.923,-11.265,-9.405,-9.77,-10.297,-11.329,-9.553,-9.183,-8.268,-6.768,-3.982,-1.974,-3.537,-3.348,0.117,2.205,3.183,4.395,5.543,8.391,10.644,14.82,12.605,12.187,11.602,15.189,15.37,17.146,18.04,17.998,18.246,16.498
0.0,0.607,1.904,1.925,4.425,7.136,9.147,10.322,8.765,6.741,6.882,3.726,3.822,1.435,-3.665,0.097,2.002,1.81,0.745,0.903,0.271,-0.255,-1.445,-1.467,-3.65,-7.55,-10.606,-13.677,-15.117,-18.904,-16.093,-13.807,-13.771,-14.77,-15.903,-16.395,-15.303,-15.169,-14.55,-12.878,-10.491,-6.034,-4.387,-1.525,3.311,3.942,3.534,2.82,2.009,2.237,3.833,6.542,8.731,11.714,13.661,15.108,17.041,17.587,17.979,17.745
0.0,5.009,14.946,15.893,21.651,18.855,19.018,19.166,19.81,21.107,19.435,16.287,11.177,8.594,6.601,5.357,8.279,4.349,7.045,9.021,11.347,14.265,16.216,15.196,13.114,12.836,15.506,13.645,11.359,9.679,7.771,5.898,5.902,8.698,11.392,18.713,23.032,25.76,31.268,32.457,33.994,35.533,38.647,39.534,41.326,43.629,44.319,46.536,47.985,45.487,45.147,44.532,43.066,42.77,43.972,43.756,44.203,43.841,43.928,45.144
0.0,-0.2,0.324,1.549,2.394,2.493,2.713,3.18,3.139,3.244,4.442,5.279,5.415,5.176,4.645,4.121,3.649,3.631,1.293,0.524,1.145,2.674,4.242,3.476,3.689,3.646,-1.22,0.12,2.029,4.013,10.005,8.133,6.742,6.421,6.5,8.128,7.687,8.394,8.18,7.289,8.994,7.58,6.063,4.791,4.478,3.31,2.961,2.928,3.416,4.083,4.521,4.486,5.04,5.577,6.125,7.076,7.593,8.459,7.338,5.687
0.0,1.436,2.742,1.49,-1.069,-0.235,1.999,4.955,7.45,11.492,15.256,15.488,16.54,15.172,16.946,17.83,18.123,18.362,18.491,16.958,13.872,11.781,8.276,2.677,-1.594,-6.539,-9.847,-15.27,-13.783,-13.081,-11.714,-10.22,-9.785,-8.724,-8.308,-8.309,-9.083,-9.148,-9.298,-9.992,-10.617,-10.977,-11.719,-12.831,-13.75,-15.156,-15.955,-16.25,-16.183,-16.187,-16.48,-17.035,-16.907,-16.97,-16.218,-15.019,-14.826,-14.972,-15.24,-15.266
0.0,-0.986,0.939,0.845,4.25,6.773,13.825,12.212,12.851,26.361,30.06,31.191,31.914,32.687,33.396,33.264,32.207,32.358,29.347,26.696,22.12,22.195,21.051,14.206,14.275,15.47,17.912,20.391,20.63,18.045,18.277,20.078,19.895,20.939,23.741,26.011,29.963,35.106,46.441,50.563,59.898,63.724,64.891,65.601,66.806,68.847,71.239,73.268,75.457,76.798,77.953,79.255,80.037,82.112,80.862,81.552,80.54,78.79,76.364,72.162
0.0,0.436,0.766,0.964,1.926,4.673,6.424,9.101,11.332,13.527,12.685,10.705,9.446,9.788,10.121,10.06,9.21,8.244,7.725,5.702,6.276,6.823,8.065,9.604,13.129,17.398,20.334,22.263,21.871,19.641,17.112,13.647,11.687,12.988,13.99,16.06,15.646,11.617,10.8,9.778,7.788,5.346,4.676,1.364,-1.559,-2.416,-2.973,-3.662,-4.417,-4.939,-6.319,-8.494,-8.481,-6.842,-4.585,-1.679,0.245,0.455,0.775,0.778
0.0,-3.475,-5.682,-3.494,-5.407,-2.722,0.551,2.871,1.199,3.337,3.982,4.122,6.936,9.024,10.163,12.656,15.25,14.159,14.005,12.869,11.115,9.78,8.617,9.07,9.918,10.383,10.207,12.935,8.084,4.751,0.055,-3.238,-1.071,0.742,2.541,4.929,9.049,14.3,19.723,22.827,23.981,26.184,26.415,28.088,30.822,32.722,39.105,40.114,42.193,43.331,43.909,47.436,49.639,51.72,51.899,51.985,52.908,57.979,63.095,69.19
0.0,-3.435,-5.251,-2.649,3.389,4.028,6.85,7.557,7.153,5.619,5.058,5.719,11.968,12.659,11.325,14.695,18.823,18.147,18.949,19.236,19.965,18.165,10.475,9.906,7.79,7.596,9.435,11.028,12.144,12.72,13.899,14.669,14.706,13.091,13.35,11.953,11.392,-6.825,-7.972,-7.555,-8.196,-9.489,-9.264,-8.146,-5.612,-0.366,3.521,5.406,5.998,0.426,-5.389,-6.637,-11.527,-7.923,-11.557,-13.405,-17.14,-15.678,-14.565,-14.065
0.0,0.038,0.001,-0.06,0.136,0.191,0.118,0.168,0.019,0.058,0.291,0.504,0.622,0.534,0.341,0.292,0.239,0.31,0.061,0.029,0.03,-0.049,-0.162,-0.269,-0.52,-0.284,-0.79,-0.233,0.008,-1.417,-1.608,-2.096,-1.943,-1.886,-2.251,-2.635,-2.823,-3.228,-3.329,-3.389,-3.125,-3.139,-3.25,-3.456,-3.708,-3.929,-4.15,-4.49,-4.659,-4.431,-4.802,-4.659,-4.607,-4.933,-5.002,-5.104,-4.787,-4.994,-5.219,-4.984
0.0,0.781,3.316,0.36,1.452,3.647,3.983,4.639,5.121,4.717,4.866,5.261,-8.775,-7.683,-6.63,-6.571,-4.794,-2.766,-2.507,-3.763,-4.827,-5.107,-5.56,-2.454,-1.612,-0.509,-0.996,-0.127,2.797,1.065,-1.042,0.519,0.922,-0.547,-2.803,-4.31,-4.192,-6.35,-9.252,-10.082,-11.21,-10.307,-9.155,-12.438,-14.766,-16.373,-16.029,-16.865,-17.618,-17.065,-18.079,-23.013,-24.933,-26.302,-27.814,-29.684,-29.873,-29.192,-29.955,-32.109
