0.0,-0.861,0.12,3.021,3.072,4.171,5.394,5.183,9.018,10.839,11.76,12.25,12.079,10.78,12.422,12.068,11.849,9.955,8.799,10.794,13.012,11.866,12.168,14.497,16.807,24.474,24.895,23.953,27.164,30.219,31.105,36.471,37.082,37.579,38.067,33.695,32.478,33.333,32.503,33.831,32.846,32.719,31.828,29.998,28.017,26.664,26.513,26.088,25.232,26.317,27.796,29.232,29.772,29.887,30.912,29.284,28.485,28.75,31.027,29.804
0.0,-1.058,-1.5,-2.885,-4.676,-7.175,-8.658,-10.686,-12.304,-13.631,-15.382,-16.427,-17.685,-18.568,-16.477,-16.055,-19.586,-23.96,-23.977,-21.89,-22.146,-19.178,-18.88,-18.763,-19.715,-22.814,-24.728,-28.336,-28.016,-28.12,-27.362,-27.074,-27.013,-28.539,-32.203,-31.613,-31.458,-32.218,-36.027,-38.126,-42.984,-42.747,-41.33,-41.452,-43.148,-43.72,-44.856,-44.795,-43.902,-43.944,-42.917,-43.269,-43.413,-44.002,-46.998,-47.34,-48.392,-47.442,-47.243,-49.777
0.0,2.428,5.917,-2.118,-6.21,-4.827,-0.469,3.687,6.132,9.385,10.062,9.822,10.109,22.13,23.963,26.712,28.156,28.087,28.769,28.518,29.471,33.653,30.339,27.567,26.332,23.54,21.571,17.938,14.336,12.57,9.958,8.347,10.363,10.853,12.23,11.689,1.887,-3.543,-11.151,-32.463,-41.737,-49.693,-53.799,-56.033,-53.831,-52.713,-47.576,-46.611,-48.716,-50.075,-51.955,-54.934,-59.073,-60.731,-62.493,-64.572,-66.067,-70.196,-74.022,-75.314
0.0,2.86,1.961,3.816,9.696,11.712,10.769,9.677,7.997,7.091,6.106,5.312,3.776,1.227,-1.999,-4.927,-6.959,-8.196,-9.108,-12.308,-11.7,-10.066,-9.67,-12.051,-18.276,-22.185,-21.514,-15.695,-9.54,-4.954,0.604,-0.387,-0.31,-1.127,-2.76,-2.392,-1.079,-0.958,-0.146,-0.335,-0.707,-1.733,-2.58,-1.666,-2.394,-2.131,-2.223,-1.606,-2.274,-0.614,0.067,0.493,-0.551,0.3,1.331,4.616,7.714,7.068,5.808,4.784
0.0,0.248,0.647,1.935,3.523,2.337,0.237,2.843,1.644,1.543,2.453,4.479,5.923,6.704,5.548,4.115,14.098,14.85,16.762,17.497,18.967,17.7,17.342,15.657,14.996,11.746,25.85,27.157,33.011,30.873,38.718,39.633,38.162,35.47,35.504,36.241,36.981,36.54,36.653,38.601,39.302,40.635,40.244,41.313,44.464,45.985,45.013,45.029,44.606,40.799,38.197,37.898,37.951,38.334,37.964,41.79,41.262,42.232,43.387,46.35
0.0,-1.704,1.1,1.652,1.013,1.159,-2.672,-0.41,1.899,4.526,6.81,9.182,10.858,11.494,11.663,9.172,8.225,8.574,8.28,7.15,6.914,7.829,8.483,7.676,7.658,7.446,6.894,9.032,8.48,8.873,8.47,8.528,9.164,9.249,8.697,8.706,4.647,3.387,4.41,4.962,5.532,4.238,3.432,2.168,1.041,0.605,-1.178,-0.768,-1.58,-2.084,-2.015,-1.2,-0.624,-0.873,-2.556,-1.247,-1.802,-0.724,-1.946,-1.47
0.0,1.469,1.583,4.252,4.501,6.005,6.667,7.686,5.57,-3.685,-10.508,-14.519,-14.575,-13.922,-14.751,-18.174,-21.14,-28.612,-28.262,-27.854,-27.686,-27.315,-27.955,-27.62,-25.606,-24.671,-21.402,-21.732,-23.019,-21.545,-18.531,-19.102,-18.687,-15.154,-15.578,-15.702,-12.004,-6.594,-1.871,-2.885,-6.286,-2.358,1.959,9.437,14.071,16.505,17.603,16.913,16.508,15.258,14.633,13.53,13.576,12.116,11.992,12.471,13.194,12.912,10.598,10.69
0.0,0.065,-0.156,-0.048,0.019,-0.114,-0.05,-0.089,-0.178,-0.247,-0.023,-0.202,-0.085,-0.093,-0.241,-0.05,-0.2,-0.209,-0.179,-0.215,-0.184,-0.196,-0.242,-0.244,-0.261,-0.048,-0.18,-0.022,-0.241,-0.227,-0.114,-0.202,-0.152,-0.228,-0.226,-0.375,-0.259,-0.262,-0.223,-0.391,-0.287,-0.295,-0.168,-0.163,-0.312,-0.285,-0.39,-0.307,-0.375,-0.28,-0.447,-0.352,-0.467,-0.506,-0.457,-0.56,-0.47,-0.613,-0.555,-0.436
0.0,1.112,-0.076,1.838,1.073,2.22,0.2,1.058,1.385,-0.251,1.694,-0.996,-0.868,-1.589,-1.947,-2.093,-5.002,-5.871,-8.219,-6.923,-9.647,-10.653,-13.1,-14.325,-15.499,-21.368,-23.287,-25.08,-27.042,-28.193,-27.995,-25.861,-27.849,-28.612,-27.602,-32.365,-39.897,-49.283,-49.283,-49.283,-49.283,-49.283,-49.283,-49.283,-49.283,-49.283,-49.283,-49.283,-49.283,-49.283,-49.283,-49.283,-49.283,-49.283,-49.283,-39.4,-37.336,-34.478,-32.83,-33.313
0.0,-0.579,0.551,2.309,3.279,2.122,1.736,-0.921,-1.786,-0.217,1.887,3.373,2.483,2.297,2.745,5.604,9.434,13.211,15.122,16.796,18.037,19.371,21.282,24.183,27.056,30.45,36.06,38.93,41.247,41.668,44.121,45.45,47.445,53.53,57.197,61.348,62.308,62.907,63.34,63.477,63.865,63.556,62.431,62.662,62.557,61.165,60.258,54.524,48.624,46.597,46.652,45.525,44.302,41.793,40.626,39.051,37.919,40.224,39.181,36.923
0.0,5.375,8.81,16.87,5.737,-10.379,-17.102,-19.497,-20.433,-8.626,2.699,17.763,22.856,23.308,22.635,22.417,21.164,20.091,16.875,15.318,15.68,18.506,23.777,25.351,23.186,20.409,-4.537,-10.049,-13.062,-15.271,-20.397,-16.628,-13.049,-11.061,-11.033,-14.167,-20.089,-21.039,-18.516,-16.204,-13.79,-12.652,-12.558,-11.415,-9.587,-5.991,-5.973,-4.689,-4.742,-4.218,-4.252,5.794,4.055,3.966,6.872,7.938,10.068,11.458,11.616,12.861
0.0,1.225,1.726,3.697,6.876,7.901,8.497,9.79,9.183,7.702,7.807,8.284,8.568,8.49,8.106,8.277,9.888,10.765,11.483,9.124,6.053,1.068,-5.314,-8.104,-12.917,-16.588,-18.961,-22.087,-25.48,-28.31,-29.095,-29.884,-30.743,-33.188,-35.41,-37.863,-37.76,-38.728,-42.829,-48.124,-50.431,-49.991,-50.289,-48.519,-45.747,-42.198,-40.662,-38.662,-34.465,-29.056,-26.227,-19.622,-18.877,-14.734,-12.751,-14.048,-11.228,-10.349,-11.845,-11.913
0.0,-1.024,-4.552,-3.343,-0.85,-1.604,5.056,8.48,10.02,11.555,12.776,15.31,13.268,11.303,7.823,6.367,8.214,11.341,12.349,11.079,16.372,27.303,28.916,30.502,45.779,48.391,48.475,44.509,40.588,38.246,33.502,34.336,36.534,33.514,34.747,35.916,35.634,33.129,29.728,25.299,24.173,23.661,23.408,20.813,11.981,11.49,13.095,8.846,8.614,8.721,7.629,6.11,5.886,5.89,6.827,6.686,7.627,9.97,11.534,14.573
0.0,2.361,4.27,5.034,5.153,6.926,8.468,10.457,11.249,11.142,12.905,16.141,18.085,18.936,19.652,21.731,23.029,23.193,24.739,27.921,30.628,38.003,38.551,40.119,44.699,50.601,50.987,50.785,51.103,51.588,50.751,47.497,46.944,47.053,45.963,45.763,45.705,45.757,46.526,47.317,47.97,47.65,50.605,49.328,48.17,47.271,47.312,47.731,48.378,51.36,52.891,53.136,54.349,55.758,55.31,55.623,57.716,60.819,62.012,61.606
0.0,4.276,4.148,1.834,-15.815,-17.865,-20.64,-18.263,-16.443,-15.797,-15.452,-14.864,-19.671,-14.079,-10.362,-10.353,-2.542,1.526,2.086,-1.217,-3.899,-10.808,-17.438,-18.302,-14.081,-5.86,-5.675,-9.466,-11.63,-12.725,-10.589,-8.64,-7.759,-8.528,-8.129,-6.659,-8.058,-7.835,-4.451,-1.282,-1.878,-4.421,-8.837,-9.426,-9.865,-4.946,-2.128,-1.032,3.508,7.105,8.157,7.629,7.455,8.095,11.733,15.787,24.489,28.46,29.036,29.459
0.0,13.958,14.468,14.689,14.095,13.463,12.258,11.027,11.929,13.342,13.171,13.674,11.606,11.546,12.445,11.558,10.826,10.652,9.285,7.96,5.182,5.672,5.77,7.244,6.521,6.8,7.323,6.515,5.07,2.007,2.325,3.54,3.916,5.72,5.593,3.112,0.668,-7.232,-12.699,-13.045,-16.15,-17.812,-18.228,-16.305,-17.071,-17.815,-15.147,-13.08,-2.564,0.46,3.867,7.189,7.222,5.375,5.343,7.02,6.087,4.142,4.441,5.697
0.0,2.224,2.178,-1.13,-3.235,-2.821,-2.753,-2.814,-5.414,-4.67,-5.397,-9.961,-10.573,-2.808,-1.264,6.513,7.991,13.149,8.245,-0.029,-4.436,-9.273,-12.804,-22.909,-24.737,-23.194,-26.811,-30.702,-30.978,-36.193,-37.565,-33.173,-28.274,-27.037,-24.943,-24.189,-23.174,-22.469,-24.311,-43.225,-41.586,-39.552,-38.609,-39.09,-40.741,-43.231,-48.577,-55.034,-58.887,-62.718,-61.796,-63.19,-64.512,-68.666,-73.245,-73.901,-76.122,-78.863,-80.706,-82.335
0.0,2.468,5.039,6.167,5.083,5.423,4.946,6.227,6.871,8.62,8.606,8.576,10.084,12.223,13.085,13.186,12.596,11.788,11.506,12.071,13.386,14.828,14.799,14.304,14.306,11.843,10.234,8.812,6.728,6.102,4.407,1.932,1.473,4.897,8.747,9.198,8.351,10.684,-1.601,2.806,2.072,3.832,6.609,5.896,6.81,4.44,1.618,-0.065,0.499,-6.128,-8.988,-10.21,-14.223,-15.059,-20.038,-22.396,-23.513,-23.24,-25.181,-26.725
0.0,2.213,4.793,7.06,10.627,11.52,12.95,14.296,14.804,15.6,23.764,25.315,23.893,23.517,20.685,16.427,5.526,9.738,10.145,19.747,27.993,33.824,40.883,44.263,49.338,56.2,60.218,65.027,71.583,76.874,82.129,84.506,87.892,90.198,91.701,90.492,87.605,84.981,82.181,80.591,79.902,80.095,79.085,79.826,78.68,79.713,80.286,79.713,79.318,77.553,76.21,76.714,74.737,72.856,72.566,71.838,68.252,66.78,66.68,65.616
0.0,-1.185,-4.603,-5.336,-7.589,-7.189,-5.581,-3.771,-0.169,2.726,3.485,4.499,5.121,5.727,5.498,4.771,3.784,1.883,-0.045,-2.638,-5.13,-7.54,-10.357,-11.032,-11.944,-10.325,-9.24,-7.743,-6.891,-6.382,-5.363,-3.709,-2.854,-1.752,-2.227,-0.15,0.596,-0.572,-3.845,-5.492,-4.225,-3.633,-3.604,-2.844,-3.255,-1.845,2.876,4.441,6.966,7.738,5.793,8.063,7.403,7.484,8.57,8.232,9.548,10.927,9.978,9.347
0.0,1.2,0.779,1.087,-0.419,-0.487,0.898,0.122,0.989,1.938,-0.237,-2.478,1.007,1.845,-0.538,0.825,-0.837,0.449,-0.12,1.825,1.848,3.036,2.368,-0.23,-0.476,0.954,-0.231,3.032,2.33,1.462,0.491,0.608,-3.851,-2.97,2.465,1.255,0.342,-0.626,-0.906,-1.488,-0.848,3.931,2.198,-2.444,3.317,3.423,0.249,2.36,0.313,1.133,1.196,-2.193,-0.681,1.214,-4.466,-0.915,-2.568,-1.303,0.312,1.449
0.0,-2.183,-3.175,-0.339,-2.327,-4.237,0.131,-0.668,-4.328,-1.695,-1.068,-1.796,-4.126,-3.076,-1.622,-5.185,-5.589,-2.63,-6.154,-2.735,-1.147,-4.805,-3.585,-5.296,-5.33,-6.32,-6.084,-4.684,-6.042,-5.531,-4.171,-2.732,-0.644,-2.606,-7.13,-5.974,-2.613,-4.022,-1.268,-6.138,-4.068,-1.917,-5.711,-1.497,-5.053,-3.735,-3.342,-2.417,-1.673,-3.315,-6.502,-6.834,-5.983,-6.791,-6.587,-5.329,-0.49,-6.823,-3.376,-3.332
0.0,0.0,0.0,0.0,0.0,0.0,0.0,0.0,0.749,0.0,0.0,0.0,0.0,0.0,0.0,0.0,0.0,0.0,0.0,0.0,0.0,0.0,0.0,0.0,0.0,0.0,0.0,0.0,0.0,0.0,0.0,0.0,0.0,0.0,0.0,0.0,0.0,0.403,0.0,0.0,0.0,0.494,0.0,0.0,0.0,0.0,0.0,0.0,0.0,0.0,0.0,0.0,0.0,0.0,0.0,0.0,0.0,0.0,0.0,0.0
0.0,-2.371,-4.013,-4.655,-2.24,2.926,8.868,13.321,21.21,24.327,27.626,28.659,31.068,33.834,34.423,35.882,37.171,39.657,38.689,39.803,40.986,39.434,40.79,39.609,40.539,43.872,45.445,45.982,57.383,66.683,69.711,78.111,85.871,86.606,86.606,86.606,86.606,86.606,86.606,86.606,86.606,86.606,86.606,86.606,86.606,86.606,86.606,86.606,86.606,86.606,86.606,75.498,63.022,59.423,54.796,49.569,50.096,47.593,46.095,43.878
0.0,19.237,27.164,33.764,32.754,29.177,27.61,26.515,28.929,30.621,34.21,34.365,35.902,37.222,37.401,36.721,33.722,34.118,31.754,29.574,28.1,30.825,27.487,26.177,26.909,39.359,45.369,45.44,43.359,40.7,36.076,32.394,32.158,35.608,39.829,40.042,41.996,45.21,47.137,46.172,44.507,41.256,36.677,37.167,38.479,54.032,71.107,74.87,76.692,75.1,75.794,77.024,76.648,74.883,76.898,78.311,76.837,72.371,71.11,74.67
0.0,-2.316,-2.532,-3.443,-2.846,-3.461,-4.311,-3.29,-1.962,-1.431,-3.341,-3.468,-3.729,-3.132,-4.013,-6.436,-7.873,-8.223,-10.304,-12.332,-13.722,-14.267,-15.623,-13.487,-13.584,-13.792,-14.439,-19.708,-20.939,-26.057,-26.08,-25.919,-24.827,-20.897,-21.917,-21.903,-31.124,-34.804,-40.777,-45.61,-51.781,-53.574,-54.399,-56.186,-56.343,-55.993,-55.512,-56.672,-59.452,-61.015,-60.874,-60.811,-59.241,-58.426,-59.734,-59.79,-59.09,-57.828,-57.885,-56.337
0.0,-0.479,-2.509,-5.296,-7.941,-7.719,-10.834,-12.966,-16.412,-14.394,-13.99,-15.047,-13.88,-13.779,-11.203,-9.059,-9.656,-8.402,-5.91,-7.434,-8.217,-7.438,-6.65,-6.476,-4.172,-2.762,0.007,2.485,0.588,-3.989,-1.169,1.718,8.109,17.434,23.776,28.52,31.747,32.295,34.89,33.105,34.51,32.942,32.696,32.952,31.262,30.934,29.157,25.35,26.683,35.257,35.451,35.522,36.165,33.697,36.162,37.855,49.383,58.56,65.99,69.286
0.0,-0.29,0.098,0.493,-0.885,-0.103,-0.539,-0.092,0.433,-0.356,0.046,0.284,-0.226,-0.484,0.011,0.228,0.667,-0.436,-0.428,0.454,0.508,-1.249,0.536,0.424,-0.254,0.215,1.406,0.281,-0.153,-0.122,0.014,0.211,-0.372,0.572,1.128,-1.045,-0.355,0.28,0.865,0.112,-0.661,0.562,0.15,-0.72,-1.067,-1.182,-1.03,0.406,0.327,-0.8,0.067,0.567,1.115,-1.012,-0.525,0.492,1.942,0.56,0.356,-0.03
0.0,-0.468,1.12,1.371,-1.792,1.16,1.618,4.033,4.342,6.11,6.925,5.949,5.746,6.98,6.207,4.96,5.7,3.175,3.158,3.638,0.783,1.783,5.854,5.189,3.921,4.723,5.222,5.922,7.665,9.746,11.795,12.874,9.229,8.545,8.447,9.512,9.715,11.75,11.868,9.614,12.312,11.204,10.393,1.6,-4.168,-4.158,-5.873,-5.926,-8.554,-18.685,-25.531,-25.898,-25.905,-27.04,-29.351,-30.439,-26.281,-25.276,-26.268,-26.124
0.0,-3.06,-11.81,-22.766,-35.41,-41.338,-53.128,-56.89,-62.409,-67.825,-69.133,-75.648,-79.18,-78.464,-81.018,-88.148,-88.335,-92.139,-85.94,-77.803,-75.442,-91.191,-102.567,-109.366,-112.309,-130.44,-137.633,-148.663,-156.906,-162.889,-164.016,-166.194,-167.585,-165.805,-164.927,-163.888,-164.578,-162.058,-169.019,-174.63,-182.074,-185.956,-183.643,-186.18,-187.7,-191.266,-191.395,-191.596,-192.626,-190.579,-188.24,-187.522,-187.854,-188.505,-186.863,-188.776,-191.715,-192.733,-191.174,-189.455
0.0,0.527,-2.23,-5.159,-5.915,-4.274,-2.753,-3.066,-3.245,-3.064,-1.299,-1.013,-2.869,-2.666,-2.754,-2.201,0.84,3.186,4.573,6.61,5.208,4.024,9.118,11.793,11.529,11.5,12.975,11.809,8.422,10.329,11.41,11.237,10.571,11.588,14.246,15.127,16.714,18.386,17.848,17.69,19.233,18.675,20.715,19.103,18.956,17.75,20.032,20.88,19.776,20.77,17.896,18.844,19.981,18.398,17.975,17.239,15.955,14.04,13.368,12.153
0.0,7.011,9.804,13.869,14.331,17.284,16.995,18.126,19.768,19.898,21.563,22.341,21.776,21.472,21.451,21.928,22.448,22.738,23.328,24.087,26.162,24.762,24.305,24.374,25.011,23.851,24.285,27.022,23.582,24.477,25.741,28.781,30.761,32.794,34.201,40.579,39.896,42.393,45.467,50.336,53.525,58.223,62.286,63.472,66.968,70.406,74.416,78.703,79.039,65.964,67.851,73.921,74.346,73.415,73.64,73.938,74.589,75.277,75.347,75.349
0.0,-4.799,-8.458,-9.813,-21.295,-21.23,-21.141,-21.722,-20.742,-19.052,-19.658,-19.409,-18.608,-18.765,-17.562,-15.389,-13.536,-11.02,-10.334,-8.021,-6.869,-6.97,-7.585,-10.804,-13.21,-14.748,-16.549,-17.686,-18.379,-20.119,-20.595,-19.113,-22.473,-22.32,-19.893,-22.767,-22.973,-21.414,-19.774,-19.66,-19.301,-15.904,-12.025,-9.928,-5.815,-1.275,0.513,0.778,2.355,3.527,4.248,5.986,5.974,6.157,7.63,8.812,8.776,10.303,12.35,10.564
0.0,0.0,0.0,0.0,0.0,0.0,-12.117,-12.289,-13.122,-18.395,-19.038,-21.482,-18.274,-29.629,-28.573,-28.877,-29.41,-26.22,-37.178,-42.622,-42.909,-54.407,-59.509,-63.019,-66.244,-68.095,-68.982,-75.848,-51.738,-49.239,-48.623,-48.229,-51.577,-52.411,-53.477,-55.36,-53.275,-56.93,-61.447,-66.107,-61.474,-52.696,-49.12,-47.058,-47.456,-50.933,-52.06,-59.264,-69.664,-74.395,-79.837,-85.42,-85.668,-81.811,-83.618,-88.474,-89.261,-87.258,-78.135,-69.639
0.0,-3.705,-6.54,-7.801,-9.913,-9.254,-4.312,-0.944,3.775,3.562,2.274,4.591,14.774,8.506,2.259,-6.391,-3.994,-0.372,4.417,5.118,20.906,23.326,28.455,29.44,31.891,32.344,42.751,52.514,55.504,53.255,50.038,43.137,44.224,46.934,48.906,54.384,57.863,57.901,61.815,64.882,62.367,64.26,66.781,67.424,67.589,64.916,64.081,63.339,62.889,65.94,67.067,69.136,69.007,69.262,68.579,73.405,76.471,77.298,78.148,76.896
0.0,-0.262,-2.284,-5.98,-5.653,-6.928,-5.095,-4.714,-1.639,6.197,10.95,9.853,8.125,7.144,5.198,4.236,-1.453,-5.985,-8.641,-8.255,-8.258,-10.759,-1.673,0.91,0.207,5.757,2.248,4.33,-1.166,-2.936,-5.768,-11.069,-14.374,-17.037,-28.576,-25.62,-20.793,-24.51,-26.68,-30.941,-29.498,-26.981,-27.056,-29.251,-31.365,-32.782,-33.098,-32.408,-25.651,-27.782,-27.71,-32.824,-33.597,-35.497,-32.796,-35.794,-39.053,-45.281,-54.634,-54.634
0.0,-0.854,-3.196,-4.258,-4.62,1.757,2.299,0.255,-0.186,2.628,5.487,8.848,16.445,20.558,21.394,25.462,26.097,25.878,26.882,28.774,30.462,29.891,31.394,30.326,28.597,26.966,24.71,22.445,23.019,23.114,19.224,15.957,14.665,13.173,10.85,9.347,7.124,5.285,2.286,-1.547,-5.046,-7.789,-9.753,-11.998,-12.497,-8.817,-5.33,-4.302,-3.857,-4.184,-3.131,-3.64,-2.842,-2.51,-4.125,-1.808,3.818,9.381,9.471,7.646
0.0,-0.116,-2.89,-4.246,-4.711,-3.587,-2.518,-0.332,2.525,4.024,6.067,6.998,7.737,7.635,7.583,7.444,0.165,-1.137,-2.499,1.019,2.752,10.694,27.14,52.303,65.419,73.593,78.53,82.235,84.314,83.785,84.659,87.816,88.378,89.575,92.383,95.356,97.141,99.404,101.923,104.82,104.276,103.079,102.359,102.589,102.65,102.595,96.433,91.036,88.997,90.046,90.533,90.623,90.065,89.632,88.521,88.012,88.263,87.137,86.426,87.672
0.0,-0.14,-3.228,-4.653,-3.307,2.037,9.364,12.608,16.837,25.637,34.947,38.424,44.534,48.015,48.09,47.808,48.13,49.945,47.483,45.475,44.125,42.198,38.883,37.658,34.157,42.973,44.845,38.037,33.407,34.498,37.15,32.366,40.795,42.437,44.071,44.581,47.281,49.209,51.521,53.742,56.238,57.411,59.207,60.647,59.464,59.187,60.382,61.612,63.124,66.245,67.659,69.256,69.763,70.137,71.032,71.79,73.997,75.334,76.965,77.419
0.0,3.988,8.194,9.254,8.954,8.621,7.721,6.343,3.565,2.382,1.078,-0.949,-4.814,-8.303,-10.671,-12.755,-15.036,-19.697,-23.666,-26.039,-28.922,-30.371,-33.016,-37.166,-42.485,-48.913,-51.252,-55.91,-59.036,-62.082,-62.597,-64.245,-66.424,-68.968,-69.369,-69.129,-68.751,-67.255,-65.464,-62.135,-60.198,-59.838,-60.6,-61.397,-63.403,-64.734,-65.33,-66.313,-64.781,-63.54,-62.288,-60.213,-58.118,-54.823,-53.353,-51.147,-48.207,-49.677,-48.942,-48.942
0.0,-2.495,-4.923,-8.521,-6.189,-2.725,-1.37,-3.272,-4.601,-2.841,2.604,8.533,9.359,10.024,12.281,16.897,21.813,23.774,33.197,40.619,40.03,44.833,46.17,47.642,50.17,51.653,52.122,53.925,57.218,59.38,55.157,50.92,45.921,40.41,22.987,-2.339,-14.571,-24.636,-30.858,-37.087,-43.171,-48.053,-49.776,-49.934,-50.088,-48.678,-48.672,-50.842,-50.718,-46.995,-45.075,-40.148,-32.649,-29.572,-23.843,-26.769,-30.674,-37.944,-36.936,-36.668
0.0,4.844,3.928,1.266,-1.485,-1.566,-6.121,-8.002,-18.52,-25.162,-31.02,-35.382,-38.544,-41.62,-43.723,-45.58,-47.064,-47.514,-49.849,-57.575,-58.476,-57.018,-57.36,-56.952,-57.922,-58.025,-57.307,-54.594,-53.156,-53.276,-52.33,-50.072,-46.795,-42.046,-37.859,-34.605,-28.71,-24.008,-22.415,-21.855,-17.104,-14.043,-12.754,-8.956,-7.508,-8.156,-6.601,-6.886,-6.209,-4.351,-4.198,-3.694,-5.376,-9.164,-11.884,-18.195,-21.154,-18.969,-26.35,-35.248
0.0,-1.059,-1.982,-2.985,-3.558,-4.036,-3.73,-3.822,-4.252,-3.945,-5.493,-6.225,-7.395,-8.241,-9.175,-9.695,-10.235,-10.409,-9.814,-10.259,-10.959,-11.603,-12.751,-13.973,-13.567,-13.691,-13.798,-14.138,-14.904,-16.296,-16.718,-17.284,-17.665,-17.467,-15.862,-16.755,-16.605,-16.128,-15.681,-13.889,-11.947,-9.33,-8.247,-6.172,-4.947,-2.912,-1.194,-0.034,0.064,0.113,1.13,1.723,2.128,1.364,1.641,2.303,2.5,0.611,0.839,1.163
0.0,-0.039,-0.365,-0.531,-1.491,-2.962,-2.05,-2.703,-1.441,-1.769,-2.775,-3.596,-2.232,-3.823,-7.969,-8.992,-11.55,-12.735,-14.155,-15.075,-13.441,-11.175,-8.363,-6.501,-6.344,-7.8,-13.584,-16.33,-14.947,-16.161,-21.36,-21.965,-20.638,-22.128,-19.783,-18.537,-18.303,-17.922,-17.903,-16.367,-14.039,-13.32,-15.085,-15.503,-17.099,-16.371,-16.615,-16.439,-18.335,-21.424,-25.017,-27.478,-28.246,-27.614,-28.21,-28.592,-28.82,-29.341,-28.942,-28.898
0.0,-1.214,-1.726,-1.884,-0.94,-0.909,-2.718,-4.369,-4.889,-6.795,-8.186,-9.287,-6.318,-2.945,-3.489,-1.968,-2.218,-0.699,-0.214,-1.886,-2.561,-2.739,-3.153,-4.44,-5.444,-5.409,-6.077,-6.504,-7.325,-9.394,-10.501,-12.754,-11.276,-11.43,-11.895,-11.736,-11.0,-19.431,-24.118,-26.401,-37.739,-39.321,-40.119,-42.187,-43.414,-42.99,-44.954,-47.96,-49.896,-48.626,-44.87,-44.634,-44.664,-43.904,-39.651,-37.371,-36.682,-36.021,-32.623,-31.21
0.0,0.098,-0.328,-0.284,-0.345,-0.452,-0.251,-0.617,-0.482,-0.737,-0.343,0.005,-0.03,0.257,-0.899,0.217,-0.036,-0.357,-0.114,-0.642,0.08,0.151,0.143,0.331,-0.024,-0.133,-0.109,0.103,-0.093,-0.101,0.19,-0.001,0.176,0.364,0.361,0.239,0.128,0.082,0.029,0.131,-0.093,0.259,0.154,0.233,0.282,0.15,0.211,0.181,0.206,0.0,-0.227,0.211,-0.338,-0.157,0.086,-0.28,-0.047,-0.018,-0.017,0.061
0.0,-3.335,-4.174,-3.644,1.185,4.826,6.995,8.11,7.938,8.428,10.386,12.065,14.855,16.01,16.438,14.944,12.957,10.864,10.183,5.271,1.866,1.534,1.06,1.111,-0.531,-1.735,-2.029,-0.113,-1.536,0.591,5.181,6.069,6.533,8.443,7.981,7.108,5.059,5.09,5.379,6.015,7.689,9.021,9.382,10.561,10.565,11.651,12.905,14.615,13.686,10.452,10.053,12.08,12.801,15.538,17.715,15.199,14.279,12.076,12.186,10.762
0.0,2.6,7.56,10.453,11.384,20.28,25.262,25.989,24.149,24.725,24.661,23.745,23.436,21.612,21.824,19.414,28.929,22.946,26.086,28.119,20.285,25.162,28.472,24.7,14.17,16.432,16.905,10.269,14.741,15.385,20.227,14.451,17.707,12.933,13.622,21.05,19.804,19.26,21.729,40.588,61.405,71.668,69.418,60.916,53.583,50.145,48.803,53.108,44.421,39.402,31.834,29.855,31.352,38.317,33.725,34.087,37.893,58.137,59.789,65.714
0.0,-8.082,-18.061,-28.314,-26.929,-23.662,-19.765,-13.295,0.87,7.631,12.34,16.077,18.368,18.926,17.611,16.481,16.827,16.296,16.505,16.955,16.565,16.989,15.784,14.182,13.567,10.536,7.774,4.591,5.377,5.734,6.231,6.963,7.922,6.536,3.834,2.217,1.071,0.513,4.358,-2.224,-8.283,-16.055,-34.147,-38.629,-42.152,-43.165,-46.952,-52.103,-47.772,-38.091,-31.084,-23.347,-13.463,-9.062,-6.987,-4.688,-8.705,-12.508,-15.5,-19.427
0.0,-0.226,-5.339,-2.145,-2.941,-3.184,-5.52,-3.628,-1.899,-2.05,-11.034,-8.8,-11.778,-14.334,-13.431,-12.319,-15.46,-17.537,-25.738,-21.289,-16.571,-10.542,-7.446,-2.1,2.868,6.302,10.808,10.53,9.648,7.464,9.117,11.369,14.012,14.647,17.084,20.058,21.798,21.013,25.459,24.921,26.932,26.071,26.532,30.021,31.425,33.906,36.09,34.594,34.824,34.309,34.7,34.937,35.522,27.908,22.62,21.332,18.493,20.734,20.38,21.526
0.0,3.414,5.574,4.378,4.896,4.331,3.353,4.189,5.598,5.391,6.077,5.14,4.51,2.141,-1.16,-0.057,0.064,0.607,0.453,0.188,1.202,-1.263,0.547,0.502,0.169,0.301,0.72,2.135,3.432,2.282,2.184,-6.702,-4.709,-6.894,-5.319,-4.169,-4.394,-3.553,-5.979,-5.473,-5.067,-6.284,-7.86,-8.583,-8.551,-8.073,-9.08,-8.292,-7.463,-6.623,-2.127,0.26,1.595,-0.786,-1.632,-5.469,-11.731,-11.899,-10.719,-2.845
0.0,1.084,0.94,3.066,4.966,6.018,8.667,8.212,5.473,6.447,5.71,5.596,9.196,11.483,12.29,10.839,16.165,10.953,7.45,7.271,6.384,4.824,3.952,6.924,7.982,5.366,-2.672,-2.054,-2.15,0.168,4.911,7.812,10.336,11.453,15.806,6.211,7.586,6.329,7.264,10.343,13.096,15.185,17.344,25.221,30.494,38.183,40.925,47.786,47.743,46.117,48.385,50.734,49.709,50.83,48.912,50.481,49.779,49.557,52.66,52.594
0.0,2.263,5.014,6.522,7.601,6.609,9.305,12.059,14.716,17.597,20.305,21.976,31.879,35.995,41.378,45.505,48.418,50.546,50.936,53.588,55.28,58.718,62.872,66.761,70.544,74.535,76.276,75.777,77.154,78.882,81.469,84.175,88.503,90.911,89.643,87.858,86.132,83.875,83.855,83.76,87.572,89.964,91.339,91.304,89.797,86.823,87.551,85.988,83.589,79.525,78.196,77.666,80.91,83.259,83.086,82.462,80.096,78.684,80.969,82.209
0.0,0.311,-0.428,-0.838,-1.681,-0.653,1.032,2.382,1.717,1.796,4.758,5.583,7.352,7.529,8.005,8.381,8.766,10.086,10.658,13.407,14.942,15.637,15.607,14.233,10.948,10.474,11.12,13.166,10.872,10.853,9.063,8.821,6.717,6.028,4.048,1.006,-1.394,-3.798,-6.901,-10.009,-16.122,-22.698,-29.211,-32.86,-37.0,-37.412,-42.377,-44.614,-48.467,-52.117,-54.143,-57.453,-61.598,-64.487,-68.135,-71.899,-74.139,-75.255,-76.425,-79.402
0.0,-0.095,-0.007,-0.24,0.055,-0.24,0.495,0.09,-0.24,0.146,0.495,0.495,0.131,0.495,0.495,0.495,0.495,0.495,0.495,0.495,0.495,0.495,0.495,0.495,0.495,0.495,0.495,0.495,0.495,0.495,0.495,0.495,0.495,0.495,0.495,0.495,0.495,0.495,0.495,0.495,0.495,0.495,0.495,0.495,0.495,0.495,0.495,0.495,0.495,0.495,0.495,0.495,0.495,1.23,0.495,0.495,1.23,0.495,0.495,1.23
0.0,-0.053,0.261,0.07,0.301,0.702,0.273,0.334,0.525,0.621,0.396,0.205,0.143,0.186,0.282,-0.126,0.281,0.538,0.292,0.979,-0.026,0.016,0.918,-0.558,0.826,-2.42,-3.455,-5.403,-8.487,-4.616,-4.269,-7.946,-5.196,-5.91,-6.847,-4.778,-2.843,-3.418,-1.433,-4.707,-5.448,-0.266,-2.294,-6.987,-0.414,-2.527,-3.682,-5.269,-7.633,-9.504,-5.931,-0.559,-1.438,0.027,0.833,0.983,-10.232,-3.438,-8.874,-5.467
0.0,0.88,-0.277,-0.241,0.972,-1.304,-3.01,-4.368,-4.634,-4.926,-4.757,-4.735,-3.613,-3.547,-4.778,-4.094,-5.346,-3.917,-2.99,-3.057,-2.059,-1.002,2.506,1.112,-0.814,-1.525,-1.093,-1.98,-2.601,0.349,3.72,7.629,11.005,16.151,12.884,9.04,14.548,15.383,20.008,17.1,18.178,21.613,22.748,19.817,16.414,13.168,10.049,12.222,18.502,20.78,14.856,11.851,10.791,22.443,26.155,30.852,34.324,34.878,38.162,39.504
0.0,-3.676,-7.667,-8.915,-12.43,-13.018,-14.81,-17.247,-19.626,-22.352,-25.949,-28.672,-29.568,-31.927,-32.741,-34.015,-36.824,-38.334,-38.355,-39.605,-39.575,-40.215,-41.53,-42.666,-44.289,-46.558,-48.644,-47.236,-50.755,-52.812,-54.038,-51.639,-51.5,-51.309,-51.298,-52.31,-53.016,-56.189,-53.521,-52.291,-51.328,-50.408,-51.664,-49.323,-48.311,-49.105,-49.081,-48.188,-47.329,-48.76,-47.075,-42.513,-38.688,-29.384,-30.306,-32.187,-34.09,-31.027,-30.192,-29.619
0.0,3.456,7.065,8.409,10.29,11.904,13.91,13.989,13.826,12.507,12.022,10.416,8.707,6.648,6.872,7.476,6.969,5.287,6.37,9.295,12.122,16.072,15.697,17.075,17.011,18.522,15.744,12.834,11.808,9.997,9.582,9.973,11.052,8.604,6.293,6.856,7.074,6.947,8.78,10.171,11.51,11.204,11.423,12.19,10.548,8.504,7.814,0.194,-5.794,-6.182,-6.533,-8.842,-11.393,-12.954,-15.509,-15.792,-12.981,-11.882,-12.487,-13.374
0.0,-0.851,-6.493,-8.264,-8.741,-10.63,-10.699,-11.424,-12.305,-13.831,-13.99,-12.915,-12.856,-11.804,-13.157,-12.967,-13.693,-12.915,-12.947,-13.134,-15.647,-16.746,-15.753,-16.122,-16.621,-16.874,-16.468,-16.178,-15.724,-16.248,-15.733,-16.746,-17.028,-16.425,-15.603,-15.967,-16.338,-17.12,-17.115,-17.425,-18.905,-20.391,-20.319,-19.707,-18.63,-17.036,-15.287,-11.013,-5.659,-4.278,1.039,3.519,-0.839,2.971,7.779,14.568,21.514,27.109,30.618,32.506
0.0,0.785,-0.459,-1.927,-1.975,-1.444,-1.725,-0.148,1.223,2.056,3.476,3.324,1.37,1.632,-0.059,-0.515,-0.135,4.083,3.941,1.166,-2.419,-4.231,-6.064,-5.801,-4.346,5.244,2.427,-3.739,-9.595,-14.627,-14.772,-15.651,-24.936,-26.707,-27.491,-28.277,-25.046,-21.181,-14.622,-9.798,-7.503,-6.749,-5.829,-3.683,-2.169,-1.107,-0.456,-2.852,-4.633,-6.446,-6.062,-5.669,-7.222,-9.018,-11.36,-13.768,-16.845,-21.784,-33.26,-41.98
0.0,-2.189,-0.897,-1.098,0.714,0.003,-0.049,1.14,3.424,3.072,3.047,6.168,7.012,7.212,10.66,12.513,12.837,13.911,14.519,15.239,16.294,17.237,16.626,15.887,15.718,16.704,15.459,15.941,16.505,18.761,19.021,19.285,21.434,21.506,20.687,18.377,17.706,19.922,20.544,20.401,20.31,19.445,19.569,19.105,19.298,19.687,20.784,21.969,23.08,23.404,24.621,25.477,28.483,30.169,31.521,32.597,34.105,34.411,35.69,36.139
0.0,1.464,2.34,2.847,5.1,6.25,9.463,12.133,11.295,9.035,6.739,5.416,3.782,2.757,2.569,3.215,1.622,0.959,-0.718,2.291,3.119,8.363,13.003,14.798,12.045,9.022,7.497,7.263,5.802,7.535,8.89,11.466,10.214,8.422,6.491,6.029,3.56,0.125,-1.077,-1.639,-3.968,-4.811,-4.465,-3.081,-0.367,6.839,7.134,0.627,0.346,6.33,2.884,-1.63,2.567,5.595,4.785,3.383,0.998,-3.585,-7.717,-9.309
0.0,-4.86,-4.253,-0.032,3.011,6.82,5.251,3.673,5.996,6.717,2.603,2.709,2.832,4.568,4.002,-1.144,2.019,7.843,9.503,17.823,34.741,39.127,34.759,31.666,28.646,27.468,26.645,26.397,27.83,29.361,31.813,32.548,33.576,32.19,33.809,36.346,36.905,36.491,38.086,43.205,46.826,48.684,51.883,51.305,50.201,53.446,56.719,58.669,59.077,60.816,61.319,64.917,66.968,67.719,68.606,69.211,71.079,76.892,78.649,81.063
0.0,0.754,0.007,-1.667,-5.446,-7.707,-6.735,-14.629,-15.53,-14.547,-11.155,-13.792,-13.137,-9.865,-7.094,-19.018,-26.555,-29.237,-27.643,-26.806,-32.619,-33.252,-40.544,-40.279,-38.98,-39.27,-39.596,-41.738,-45.229,-45.23,-44.249,-43.229,-33.503,-35.09,-37.905,-39.409,-41.676,-42.098,-41.43,-41.822,-41.285,-40.643,-39.461,-37.104,-29.544,-24.972,-26.646,-26.354,-27.966,-29.273,-31.02,-31.438,-32.804,-36.396,-39.48,-41.893,-43.335,-43.894,-43.914,-42.745
0.0,-3.816,-4.489,-6.3,-8.371,-7.536,-12.617,-18.555,-20.269,-25.172,-29.269,-32.238,-38.737,-34.89,-31.669,-33.178,-36.737,-37.81,-38.22,-39.061,-40.773,-42.534,-41.067,-41.141,-41.794,-42.015,-42.311,-43.519,-43.169,-44.812,-46.568,-48.192,-49.586,-48.706,-48.478,-50.673,-51.018,-49.617,-50.555,-45.853,-44.405,-43.629,-41.035,-40.019,-38.087,-37.784,-38.599,-37.093,-35.812,-35.986,-36.544,-35.185,-37.728,-36.913,-35.563,-39.941,-38.677,-36.704,-36.002,-33.877
0.0,-6.2,-8.957,-12.09,-15.155,-16.408,-19.595,-19.044,-18.512,-20.634,-27.941,-28.955,-21.421,-21.108,-22.405,-23.851,-26.958,-31.835,-37.582,-38.462,-40.608,-44.116,-46.994,-53.586,-62.876,-68.347,-74.728,-78.558,-81.603,-83.869,-81.236,-78.743,-75.041,-76.878,-80.426,-80.54,-79.694,-78.68,-75.078,-68.029,-59.748,-53.684,-47.614,-40.987,-31.855,-24.597,-22.021,-22.516,-24.251,-24.045,-23.977,-21.387,-20.539,-22.119,-24.038,-35.991,-25.84,-24.788,-19.089,-9.503
0.0,-0.628,-2.397,-4.187,-4.538,-5.523,-6.747,-6.426,-5.48,-4.451,-4.313,-3.585,-3.589,-3.652,-3.334,-3.812,-3.422,-3.543,-4.94,-5.936,-7.518,-10.904,-13.484,-13.364,-13.839,-15.272,-18.469,-19.434,-20.152,-20.724,-21.022,-21.123,-20.712,-20.956,-20.818,-22.851,-23.111,-22.745,-21.15,-18.992,-18.394,-19.089,-18.496,-19.079,-19.029,-19.677,-20.008,-19.589,-21.557,-21.372,-19.495,-19.68,-20.509,-11.515,-6.674,-6.51,-2.097,-0.297,-1.826,-4.397
0.0,0.326,0.89,0.964,1.012,1.545,1.355,1.016,1.183,2.048,2.598,3.446,4.036,4.576,5.093,7.868,11.357,13.7,15.841,16.262,15.865,15.584,14.467,13.254,13.723,15.997,18.918,19.483,12.169,8.259,5.566,2.447,-1.092,-3.67,-4.084,-3.82,-4.304,-4.317,-5.909,-6.401,-7.24,-8.457,-9.797,-13.217,-19.796,-20.306,-20.835,-27.165,-27.165,-27.165,-27.165,-27.165,-27.165,-27.165,-27.165,-27.165,-27.165,-27.165,-27.165,-24.916
0.0,-1.333,-2.827,-2.313,-0.368,5.35,4.808,7.99,14.991,14.867,18.719,25.171,23.965,23.801,23.869,24.633,25.004,24.733,18.929,19.855,19.607,19.109,20.013,20.069,17.718,15.51,16.697,14.345,14.632,12.521,11.746,11.607,12.352,11.18,9.314,9.264,9.307,10.614,9.907,10.942,10.494,10.908,9.379,6.115,-1.115,0.677,2.528,2.99,-0.452,-4.271,-11.494,-20.039,-26.304,-27.818,-27.961,-29.586,-30.834,-32.862,-31.596,-33.587
0.0,-0.808,-0.174,1.53,0.209,-1.331,-2.65,-3.732,-2.425,-2.109,-1.873,-0.986,-0.696,0.975,1.449,0.852,0.439,-0.831,-1.365,-5.552,-9.315,-7.143,-3.805,-2.504,-0.83,2.504,1.776,2.438,3.929,5.386,10.801,10.031,8.321,10.046,10.862,10.671,8.478,8.432,3.72,2.974,-2.305,-3.555,0.244,0.892,-6.674,-9.49,-11.709,-13.961,-15.3,-12.672,-11.325,-12.945,-13.397,-14.054,-15.561,-14.597,-12.586,-11.085,-7.589,-6.102
0.0,1.587,1.165,0.944,2.525,5.052,7.237,13.691,13.707,15.271,16.149,17.18,16.726,16.158,15.513,15.698,14.23,13.51,9.133,4.013,2.626,0.037,-3.218,-7.46,-9.691,-10.478,-10.765,-13.759,-12.39,-12.139,-10.027,-10.271,-10.383,-9.92,-7.063,-9.104,-9.83,-10.261,-11.324,-10.949,-12.014,-11.807,-12.578,-11.985,-11.572,-5.812,-4.521,-1.574,-0.276,1.891,2.07,0.676,-0.679,-1.981,-2.895,-3.505,-2.117,2.238,5.709,5.837
0.0,-0.383,-2.116,-1.821,-1.686,-1.016,-1.652,-3.116,-2.892,-2.254,-0.883,-0.27,1.472,0.553,0.937,1.297,3.364,2.666,3.617,3.579,3.217,4.103,7.445,10.883,12.192,13.191,18.187,21.542,26.758,29.237,31.414,30.907,32.477,35.822,36.359,33.661,31.127,33.481,34.13,34.82,35.527,33.988,31.041,30.929,32.642,36.712,38.283,38.347,37.329,37.988,40.694,39.05,39.448,37.119,38.766,44.045,42.16,44.895,47.803,50.894
0.0,-0.17,-0.512,-0.816,-1.626,-0.844,0.597,-1.871,-3.781,-6.894,-9.522,-11.217,-11.133,-13.787,-15.098,-15.133,-16.3,-20.347,-21.255,-21.809,-21.591,-20.659,-19.576,-20.845,-15.568,-7.342,-2.068,1.488,4.667,6.677,6.848,4.883,3.553,2.55,3.943,4.464,8.965,10.693,11.233,14.231,18.109,21.02,24.144,27.052,31.97,36.229,39.424,41.087,42.721,43.554,43.395,45.084,45.74,45.569,46.518,47.248,47.699,48.954,49.799,50.52
0.0,0.225,0.111,4.192,4.391,7.144,9.469,10.108,11.068,11.198,10.694,7.996,5.714,6.649,9.521,12.306,13.818,13.384,13.711,11.697,11.009,11.145,11.218,12.333,10.771,10.957,10.852,12.015,14.182,15.827,25.593,23.588,21.836,20.919,20.102,18.407,19.335,20.171,21.812,22.366,22.661,24.603,25.97,26.016,26.875,27.559,27.942,29.388,29.488,29.087,30.549,32.295,34.73,38.468,41.548,42.356,41.152,41.214,39.698,40.346
0.0,-1.011,-5.149,-6.548,-5.477,-1.953,-1.543,-2.468,-2.663,-2.907,0.869,9.105,15.067,15.833,18.238,18.947,19.799,17.702,12.91,8.589,2.733,-0.316,-2.639,-3.993,-5.422,-6.866,-6.017,-3.823,-2.125,-3.021,-3.34,-4.328,-5.379,-5.077,-5.253,-4.456,-4.93,-4.517,-2.464,-1.018,-0.887,-1.269,0.658,1.729,2.682,3.893,4.405,7.171,9.499,10.519,12.302,13.545,15.801,17.431,18.888,19.769,22.045,24.504,29.934,29.176
0.0,8.912,9.683,9.976,10.174,7.919,7.277,6.281,3.803,0.875,2.154,2.893,-0.332,0.649,1.325,1.858,2.003,1.947,1.91,1.816,1.688,1.239,0.948,1.156,1.144,1.173,1.163,1.244,1.266,1.482,1.272,1.328,1.412,1.315,1.393,1.528,1.598,1.605,1.6,1.952,2.516,1.698,1.749,1.786,1.834,1.901,1.991,1.907,1.864,1.953,1.991,1.838,1.939,1.919,1.889,1.905,1.846,1.942,1.909,1.828
0.0,2.925,4.464,1.128,-0.316,-2.576,-0.182,-0.547,-1.745,-2.728,-3.518,-4.41,-4.592,-3.625,-2.603,-7.523,-6.721,-5.846,-4.341,-4.383,-2.811,-2.352,-1.68,0.006,-1.434,-5.453,-5.156,-3.885,-4.447,-7.451,-6.328,-7.207,-5.045,-6.514,-7.607,-8.332,-10.546,-8.541,-8.775,-17.852,-17.565,-16.263,-20.826,-26.35,-25.591,-28.162,-30.81,-31.439,-35.405,-37.314,-37.286,-37.124,-38.778,-38.967,-39.027,-39.166,-43.086,-43.593,-46.41,-49.402
0.0,1.34,4.024,4.88,2.883,-0.054,-1.041,-5.186,-6.847,-10.507,-10.72,-7.584,-7.234,-7.981,-7.498,-6.329,-9.323,-11.492,-11.77,-9.514,-10.819,-10.325,-10.343,-9.956,-11.514,-12.286,-13.125,-20.383,-24.549,-19.023,-14.752,-11.668,-10.808,-11.822,-13.253,-16.476,-20.799,-21.986,-22.637,-22.464,-20.842,-22.695,-26.068,-29.788,-29.786,-30.413,-26.933,-23.1,-25.221,-24.337,-23.016,-20.685,-18.501,-16.776,-16.481,-16.674,-16.787,-16.257,-11.573,-7.478
0.0,-4.422,-6.594,-4.283,0.884,-3.307,-5.568,-8.894,-9.051,-9.701,-9.464,-8.632,-9.955,-10.965,-14.705,-15.723,-15.909,-17.061,-18.168,-18.785,-18.185,-16.857,-17.236,-17.357,-18.544,-19.619,-21.346,-24.564,-27.938,-29.953,-31.454,-31.558,-32.33,-31.185,-31.374,-31.053,-31.803,-31.897,-24.21,-23.998,-24.417,-24.944,-27.521,-30.191,-30.864,-33.037,-32.672,-33.942,-35.491,-36.265,-36.528,-37.192,-38.257,-39.751,-45.134,-49.292,-48.057,-46.641,-45.894,-44.192
0.0,0.26,1.718,2.376,2.766,-3.675,-4.173,-3.474,-2.595,-2.306,-1.791,-1.373,-2.56,-3.366,-3.802,-5.172,-6.446,-6.936,-7.749,-7.602,-7.658,-8.578,-8.879,-8.997,-9.201,-9.435,-10.257,-10.687,-10.866,-11.273,-12.265,-12.74,-12.969,-14.472,-13.2,-14.119,-13.751,-14.156,-14.654,-15.604,-15.943,-15.908,-15.791,-15.679,-5.268,-7.059,-7.252,-6.629,-6.927,-6.58,-6.185,-6.525,-7.504,-7.931,-7.966,-6.594,-5.235,-4.579,-5.511,-6.373
0.0,-0.054,-0.33,-0.703,-1.879,-2.3,-3.259,-3.401,-3.555,-3.455,-3.281,-3.383,-3.539,-3.461,-3.087,-3.224,-3.342,-3.579,-3.99,-4.317,-4.217,-4.153,-4.402,-4.449,-3.922,-4.326,-0.941,-0.905,-0.997,-1.047,-1.488,-1.993,-2.434,-2.858,-3.155,-3.1,-3.33,-3.551,-3.593,-3.622,-3.763,-3.856,-3.807,-3.939,-4.023,-4.014,-3.852,-3.886,-3.926,-3.841,-3.772,-3.656,-3.728,-4.576,-4.028,-3.523,-3.328,-3.402,-3.404,-3.341
0.0,-1.782,-1.734,-2.861,-5.056,-5.492,-4.491,-2.448,-3.521,-3.47,-2.884,-1.995,2.869,7.312,9.294,13.156,12.902,14.736,16.864,17.633,21.16,24.895,27.587,29.866,31.596,31.979,34.428,38.135,38.248,38.228,38.779,39.868,40.899,41.399,41.502,42.269,43.972,45.31,46.577,45.698,43.902,41.802,42.684,42.931,41.469,42.251,43.811,45.36,46.196,48.508,50.774,50.947,49.648,47.462,46.92,44.603,43.345,42.375,42.152,42.495
0.0,-0.795,-2.792,-4.876,-8.016,-10.968,-10.93,-11.56,-12.323,-11.901,-11.534,-11.606,-11.798,-12.073,-11.804,-12.166,-13.296,-13.481,-14.259,-13.758,-13.462,-13.37,-14.388,-14.943,-14.616,-16.576,-21.636,-25.713,-28.776,-28.028,-28.382,-28.979,-30.313,-30.524,-29.321,-29.549,-30.251,-32.342,-34.926,-36.231,-35.098,-33.831,-34.743,-35.228,-37.21,-39.11,-40.608,-41.298,-41.345,-40.143,-39.902,-39.832,-39.371,-37.561,-35.256,-35.395,-34.862,-35.886,-36.519,-34.427
0.0,0.039,1.193,3.677,3.648,6.966,6.206,-2.722,4.258,21.03,23.921,23.701,26.241,21.294,9.434,2.628,4.711,4.125,5.542,5.301,8.778,-7.951,-20.974,-28.643,-28.263,-28.203,-27.421,-28.867,-25.691,-22.79,-22.5,-23.271,-27.281,-28.082,-26.775,-27.349,-23.054,-20.077,-16.965,-11.431,0.663,4.883,10.0,13.093,16.967,22.513,24.665,24.406,24.377,26.559,26.806,26.707,27.391,27.292,25.339,25.248,24.75,22.616,21.238,22.907
0.0,-0.832,-4.31,-3.76,-4.9,-2.388,-1.082,1.397,4.491,4.637,3.949,2.685,6.383,6.888,5.578,3.459,4.364,3.678,2.428,2.656,4.261,7.016,8.336,9.399,9.622,10.711,10.056,8.483,2.772,-0.15,-2.282,-3.864,-2.853,-0.843,-1.101,-0.634,-0.613,-1.964,-2.105,-2.271,-2.844,-3.852,-4.767,-7.39,-9.247,-8.487,-7.519,-6.617,-7.988,-8.884,-9.875,-9.883,-9.554,-10.017,-10.071,-9.375,-8.332,-7.128,-5.324,-5.629
0.0,-7.124,-9.179,-14.458,-19.196,-22.233,-26.182,-28.83,-29.133,-32.246,-35.676,-40.126,-38.559,-36.808,-40.873,-44.236,-46.174,-47.704,-43.962,-45.424,-53.24,-57.435,-56.554,-56.517,-58.839,-61.059,-63.808,-64.271,-57.907,-50.321,-49.207,-53.245,-51.794,-45.371,-43.365,-41.777,-40.798,-44.537,-51.449,-56.922,-57.847,-56.888,-53.505,-46.403,-39.778,-27.438,-17.188,-8.078,1.339,6.039,17.904,35.551,48.603,56.216,56.343,57.577,59.513,60.851,61.35,67.144
0.0,0.351,1.385,2.407,3.311,6.396,9.771,8.776,11.976,15.102,15.271,15.277,23.347,22.061,23.99,23.264,21.413,24.722,22.795,22.206,19.747,17.819,17.867,18.389,19.257,13.127,10.097,10.166,12.274,16.475,32.319,35.247,36.8,51.015,53.676,54.488,57.727,60.316,64.969,71.042,71.353,72.092,73.924,74.311,74.309,74.109,72.432,74.598,75.537,83.151,103.209,107.505,108.388,110.886,111.945,111.205,110.741,110.045,110.858,112.006
0.0,1.841,3.415,5.762,8.073,10.233,10.693,8.53,5.335,1.864,-0.881,-2.338,-2.47,-3.593,-5.281,-6.309,-9.263,-16.974,-20.367,-16.83,1.955,3.884,6.324,9.654,11.092,10.96,9.525,6.642,3.439,2.1,-1.252,-1.905,-3.914,-10.022,-13.589,-15.148,-15.604,-15.887,-14.178,-11.615,-10.114,-10.398,-6.412,-4.789,-2.922,2.518,5.031,7.874,8.76,10.175,11.589,12.687,11.161,9.432,10.838,12.055,12.161,14.978,19.17,19.485
0.0,-1.432,-1.442,-4.667,-8.575,-7.397,-8.798,-10.27,-12.016,-13.675,-12.96,-12.33,-11.021,-8.932,-9.712,-12.967,-11.775,-6.397,-0.121,3.559,9.234,13.729,19.707,24.619,30.883,34.645,38.516,41.304,45.09,51.102,51.105,52.337,54.278,60.933,62.563,64.991,66.834,66.017,64.443,62.629,60.434,60.675,60.799,59.003,57.783,58.219,60.053,64.609,67.891,66.794,66.958,66.832,67.421,67.627,66.441,64.261,61.198,57.445,55.755,57.554
0.0,-0.633,-0.67,-7.364,-7.727,-8.541,-7.959,-5.577,-2.265,-5.851,-2.496,-7.341,-7.872,-0.408,1.118,0.751,5.467,10.082,14.479,17.691,18.967,20.178,21.208,24.514,27.783,35.179,39.538,44.576,46.347,60.177,59.42,59.873,62.83,63.477,60.496,55.646,49.222,51.892,53.923,54.074,43.25,46.451,42.901,38.956,39.308,34.153,32.279,29.129,32.798,32.491,29.81,24.768,25.26,23.404,24.068,28.711,30.737,30.651,29.686,32.715
0.0,-0.395,-1.128,-2.084,-5.115,-4.647,-4.974,-6.186,-4.229,-3.056,-4.545,-2.784,1.062,-0.911,-3.26,-1.992,-4.204,-4.153,-2.359,-3.549,-6.395,-9.556,-15.075,-21.877,-27.104,-30.24,-31.249,-30.197,-29.667,-29.827,-32.09,-37.876,-38.632,-37.478,-35.551,-33.547,-37.648,-39.841,-41.488,-42.571,-44.102,-46.485,-49.387,-48.829,-52.061,-51.737,-52.5,-52.331,-51.397,-48.925,-44.448,-40.169,-38.927,-30.472,-27.326,-27.609,-25.171,-20.855,-17.255,-15.183
0.0,1.953,0.684,-1.243,-2.194,-1.74,-1.717,-0.958,-0.091,0.658,3.084,5.22,7.77,8.824,8.093,7.133,7.954,8.134,7.232,6.363,5.587,5.051,4.959,4.501,4.171,3.248,4.18,4.645,6.168,6.857,8.828,10.885,11.035,10.937,9.905,8.693,8.045,8.852,10.782,10.438,11.52,11.858,10.95,11.433,12.242,12.473,12.011,11.516,11.814,12.864,13.727,14.78,14.902,13.331,11.966,10.583,10.728,12.659,13.365,12.993
0.0,-0.018,-0.929,-0.221,-2.316,-2.84,-2.445,-1.775,-0.738,0.149,0.606,2.667,3.352,4.926,5.35,5.475,3.334,0.782,-2.832,-4.168,-9.331,-18.927,-24.968,-28.81,-29.36,-30.336,-30.404,-33.152,-35.771,-37.231,-39.645,-38.874,-39.598,-41.086,-42.289,-44.453,-45.989,-49.01,-51.934,-53.462,-57.387,-62.356,-68.679,-72.779,-74.141,-76.564,-76.344,-75.907,-81.861,-87.027,-93.478,-98.195,-102.112,-105.213,-107.089,-105.429,-104.301,-106.036,-107.291,-110.36
0.0,0.184,0.589,0.682,0.663,0.876,1.044,1.113,1.075,0.969,0.905,0.816,0.838,0.792,0.605,0.685,0.98,0.907,0.873,0.715,0.643,0.657,0.62,0.625,0.585,0.524,0.624,0.716,0.703,0.648,0.684,0.606,0.661,0.581,0.674,0.616,0.544,0.633,0.425,0.525,0.598,0.508,0.445,0.529,0.453,0.507,0.558,0.382,0.595,0.558,0.512,0.507,0.541,0.418,0.528,0.457,0.606,0.519,0.461,0.438
0.0,0.138,0.68,1.83,1.837,1.867,2.25,2.148,2.633,2.377,2.102,2.062,2.29,2.324,2.377,1.655,-1.241,-4.912,-6.63,-9.233,-9.81,-12.207,-11.414,-12.006,-12.174,-13.925,-15.403,-16.295,-16.517,-17.259,-17.414,-17.943,-21.135,-25.734,-30.724,-33.885,-36.63,-38.612,-42.983,-45.991,-47.428,-47.523,-46.371,-46.135,-44.15,-39.221,-37.343,-33.135,-30.58,-27.322,-23.208,-16.481,-10.038,-5.665,-4.395,-3.405,-1.076,2.967,8.322,13.09
0.0,-0.755,-1.8,-0.126,0.808,2.171,2.974,2.046,1.274,0.491,0.393,0.238,1.162,1.926,1.592,1.082,1.085,1.225,1.125,1.531,1.103,0.822,1.313,0.728,-0.243,-0.657,-0.241,0.176,0.292,0.598,0.163,0.795,1.585,2.441,4.927,7.584,9.469,9.145,7.895,6.948,6.948,7.266,7.219,7.041,7.564,8.512,8.824,6.788,6.967,7.011,6.8,6.433,7.35,7.944,8.149,10.832,12.126,13.229,11.044,8.155
0.0,1.563,2.409,3.214,4.608,6.245,5.647,6.184,6.263,6.975,6.914,6.959,5.713,3.995,3.29,-2.668,-1.894,1.182,2.253,2.181,0.248,-5.08,-5.517,-4.593,-2.893,-1.351,-0.744,-1.046,-0.319,2.399,2.156,1.267,1.275,0.813,-2.384,-4.774,-6.141,-5.14,-4.761,-7.001,-7.262,-8.346,-8.62,-12.183,-12.414,-12.692,-9.406,-8.423,-7.969,-9.178,-9.546,-11.752,-12.316,-13.512,-14.605,-15.59,-14.677,-13.435,-11.852,-8.552
0.0,-3.823,-6.972,-3.493,2.792,6.667,4.665,1.957,1.57,5.017,9.223,15.312,21.009,27.204,30.241,29.718,30.179,31.881,33.653,35.699,35.241,34.685,34.541,33.306,34.859,33.746,31.648,31.069,31.838,33.276,31.428,26.492,29.765,31.367,30.582,31.673,31.635,34.905,37.531,38.277,42.381,41.684,41.483,41.512,43.139,44.364,48.178,49.394,49.594,49.802,49.889,53.049,50.496,49.349,50.512,53.953,54.616,57.076,56.581,56.084
0.0,-3.64,-3.027,-2.236,-3.568,-4.002,-5.381,-7.754,-7.555,-8.902,-9.204,-9.78,-11.303,-13.51,-14.508,-13.996,-15.606,-16.38,-18.103,-18.112,-20.474,-22.134,-21.569,-20.354,-22.566,-24.024,-23.314,-22.884,-23.977,-23.299,-24.888,-24.181,-33.709,-37.212,-39.778,-40.297,-43.045,-42.026,-42.524,-44.016,-45.637,-45.933,-46.567,-46.497,-46.826,-45.962,-44.073,-43.954,-42.415,-40.345,-38.274,-36.093,-33.404,-32.651,-31.377,-29.196,-27.866,-26.456,-24.274,-24.575
0.0,0.735,2.941,0.0,0.735,-2.206,-3.676,-3.676,-2.206,-1.47,0.735,2.941,1.47,-1.47,-1.47,0.735,-0.735,0.735,2.941,3.676,3.676,1.47,-1.47,-4.411,-1.47,1.47,3.676,0.0,-4.411,-2.941,-2.941,-1.47,0.0,5.146,5.146,2.227,0.911,2.615,2.009,-1.09,-1.351,-3.219,-2.203,0.142,1.071,-1.017,-6.983,-8.012,-7.609,-5.622,-2.892,-4.275,-6.18,-7.608,-7.506,-6.003,-7.101,-7.626,-7.885,-7.998
0.0,0.0,0.0,0.0,0.0,0.0,0.0,0.0,0.0,0.0,0.0,0.0,0.0,5.903,8.638,11.008,12.098,13.252,12.808,12.866,14.397,15.383,15.427,15.15,15.37,16.05,16.852,17.616,17.428,18.253,17.923,17.477,16.557,16.117,16.109,14.919,0.0,0.0,0.0,0.0,0.0,0.0,0.0,0.0,0.0,0.0,0.0,0.0,0.0,0.0,0.0,0.0,0.0,0.0,0.0,0.0,0.0,0.0,0.0,0.0
0.0,-1.888,-3.254,-3.279,-2.006,-0.491,-0.648,-0.963,-1.389,-0.431,0.15,-0.199,-4.235,-5.423,-8.253,-9.227,-3.987,-0.711,-2.991,-3.024,-2.412,-6.436,-9.559,-9.755,-9.779,-3.187,0.625,8.573,12.301,18.119,24.208,27.35,28.946,27.09,27.895,27.928,28.534,29.836,30.656,29.822,26.606,27.217,36.335,42.775,42.471,46.881,53.936,60.274,63.166,64.215,68.084,70.916,71.486,73.607,74.197,74.218,73.232,71.775,69.909,69.528
0.0,-0.407,-0.861,-1.773,-6.971,-3.809,-1.2,-0.327,-2.417,1.364,0.758,-2.18,11.537,14.593,13.531,11.766,11.379,10.597,8.719,7.486,8.895,6.348,3.647,0.049,16.373,25.964,18.155,21.868,22.824,24.938,32.611,35.811,35.007,34.774,33.737,30.16,29.422,31.1,29.52,29.777,32.553,31.85,28.34,29.594,28.111,26.923,24.817,25.777,29.1,28.474,28.842,29.841,29.892,28.701,27.724,28.421,26.427,27.108,30.544,32.884
0.0,-2.503,-4.275,-3.855,-5.575,-6.75,-10.314,-16.933,-21.703,-24.472,-30.367,-36.589,-42.249,-46.043,-51.61,-57.797,-60.11,-65.389,-69.557,-73.812,-82.463,-90.141,-91.73,-95.372,-102.782,-109.55,-110.645,-113.688,-113.162,-112.719,-112.873,-115.182,-117.719,-118.598,-120.41,-120.091,-117.891,-119.008,-119.473,-120.617,-121.629,-123.407,-125.048,-125.492,-124.704,-123.185,-120.707,-121.412,-122.225,-121.416,-121.36,-120.583,-122.875,-123.649,-122.973,-121.25,-120.569,-118.859,-116.249,-114.463
0.0,0.829,0.994,0.625,5.294,6.727,8.758,18.765,21.317,20.453,20.604,22.284,22.773,24.154,22.72,20.912,20.086,17.965,16.059,14.648,13.127,14.029,14.248,19.548,18.838,17.394,15.5,13.176,13.638,13.782,13.124,13.589,13.33,13.76,13.75,12.26,13.522,15.134,19.31,18.601,18.502,17.875,18.029,14.911,16.294,23.741,29.095,37.356,38.82,46.263,46.699,36.205,29.707,28.065,28.86,30.757,31.324,32.523,34.049,34.921
0.0,-0.051,-0.165,-0.272,-0.197,-0.302,-0.135,-0.367,-0.422,-0.067,0.02,-0.097,-0.16,-0.029,-0.16,-0.096,-0.081,-0.106,-0.098,-0.031,-0.137,-0.066,-0.125,0.01,-0.103,-0.131,0.041,-0.043,-0.056,-0.074,0.019,0.099,-0.018,0.085,-0.016,0.108,0.012,0.087,0.062,0.104,0.061,0.065,0.079,0.079,0.073,0.147,0.036,0.07,0.102,0.111,0.206,0.019,-0.013,0.135,0.092,0.046,0.106,-0.089,0.141,-0.05
0.0,-0.773,-1.904,-2.689,-3.722,-5.193,-4.496,-3.516,-2.847,-2.407,-3.907,-4.429,-3.911,-3.83,-4.168,-7.379,-15.227,-21.048,-21.154,-24.679,-24.919,-24.682,-22.411,-17.658,-6.739,-5.051,-1.167,2.547,0.505,0.165,-0.426,-1.267,-0.673,11.187,17.084,17.247,16.025,18.966,21.457,20.9,23.203,22.388,28.514,31.889,33.076,32.578,31.333,24.553,23.967,22.915,19.776,16.142,16.687,15.317,14.52,13.514,16.13,20.506,23.798,25.347
0.0,-2.41,-6.796,-11.668,-12.804,-11.82,-11.521,-10.008,-9.47,-10.921,-13.776,-10.303,-11.685,-10.904,-8.711,-9.025,-10.354,-11.589,-10.369,-7.773,-8.504,-4.532,-4.128,-4.38,-5.524,-4.855,-4.293,-3.084,0.721,-1.076,-1.33,0.023,6.303,9.71,9.155,9.486,13.225,13.674,17.107,23.611,28.681,29.547,29.427,28.424,33.612,36.423,37.61,37.311,36.187,34.041,33.882,35.244,36.677,35.477,40.11,40.452,41.541,41.964,39.834,37.829
0.0,-0.957,-0.818,-2.702,-7.318,-8.8,-10.08,-12.405,-15.543,-9.427,-8.32,-13.417,-13.66,-14.08,-6.846,3.471,4.494,8.051,12.58,14.448,18.135,19.178,20.044,21.631,21.178,19.776,19.183,20.431,21.087,20.609,21.26,22.324,21.342,21.219,22.01,22.638,23.577,23.937,23.536,23.839,24.155,24.124,23.816,24.017,25.241,26.611,28.35,30.383,32.093,33.135,33.132,31.947,32.034,29.231,26.602,22.442,21.647,20.321,17.689,16.254
0.0,1.898,1.391,2.157,1.959,-4.966,-11.448,-11.935,-8.438,-4.716,-3.359,-4.593,-5.868,-5.109,-5.446,-7.955,-12.014,-13.688,-14.697,-16.609,-18.42,-17.915,-19.071,-22.767,-27.123,-27.774,-26.2,-25.152,-27.838,-29.167,-30.629,-31.937,-32.823,-32.55,-34.063,-34.655,-36.836,-27.887,-14.086,-8.824,-5.763,-2.247,-1.599,-2.9,-3.348,-2.777,-3.097,-1.328,-0.895,0.319,1.05,1.942,1.012,0.803,2.53,3.939,3.88,2.85,1.708,-1.982
0.0,0.982,2.08,4.221,5.671,5.847,6.378,6.878,6.899,6.739,6.66,6.112,5.269,4.066,3.406,2.719,2.61,1.893,1.241,1.491,1.412,0.878,1.189,1.724,0.825,1.464,2.343,2.4,2.171,3.59,2.695,3.045,4.592,6.017,5.797,5.853,4.27,4.507,4.716,4.183,4.763,4.774,5.22,4.978,5.703,5.72,11.216,13.25,14.669,15.15,15.87,17.252,18.069,18.527,20.124,21.059,20.829,22.503,23.843,26.434
0.0,1.461,3.186,6.251,8.884,10.376,13.377,14.642,18.096,20.938,24.494,27.83,30.924,32.674,33.434,34.56,34.698,35.263,35.009,35.964,34.091,32.359,27.971,23.096,16.901,15.248,8.916,4.909,2.265,-0.91,-3.658,-7.083,-9.136,-13.333,-15.863,-17.347,-19.985,-22.76,-24.333,-25.801,-26.573,-28.126,-26.8,-26.219,-28.647,-31.173,-33.008,-37.005,-38.832,-39.714,-40.429,-42.571,-43.971,-46.898,-49.61,-50.845,-50.068,-52.096,-53.095,-55.373
0.0,-0.749,-0.959,1.799,2.812,2.203,0.745,-1.675,-2.439,-5.623,-8.208,-6.754,-6.701,-6.095,-6.345,-4.476,-2.84,-2.191,1.912,6.277,15.683,17.686,17.137,17.854,22.007,24.242,24.036,24.997,25.702,27.803,30.04,31.568,29.595,27.661,26.291,24.259,22.198,18.828,17.056,13.902,10.795,5.989,3.343,1.397,1.928,3.84,4.251,4.951,7.623,9.559,5.844,9.651,15.646,24.17,31.079,34.878,38.715,49.107,46.619,45.458
0.0,-0.734,-3.062,-3.46,-1.286,-1.325,-1.523,1.086,2.507,3.158,3.234,4.557,3.011,1.497,2.037,2.977,3.131,2.207,1.618,-1.622,-1.414,-1.665,-0.258,-0.107,-1.552,-2.003,-3.855,-4.309,-4.116,-2.383,-1.484,-1.804,-1.307,-4.164,-5.779,-8.772,-9.707,-10.56,-11.067,-13.008,-13.423,-12.962,-13.314,-13.585,-11.181,-8.203,-4.565,-2.118,1.256,3.864,5.755,8.892,10.568,12.777,7.932,4.923,4.889,5.601,3.48,2.819
0.0,-3.6,-5.827,-6.7,-4.302,-2.241,-4.094,-7.036,-10.774,-10.291,-10.247,-9.012,-9.971,-9.36,-6.069,-1.766,1.935,4.667,6.432,8.493,9.639,9.687,11.729,12.038,13.159,12.365,11.19,8.537,9.095,10.492,11.36,8.822,10.166,13.261,17.237,17.639,16.919,11.829,10.366,8.435,7.109,7.104,6.555,4.734,3.892,3.643,17.184,20.972,17.635,17.35,18.291,18.647,18.607,19.207,19.829,18.44,18.79,17.484,13.075,11.517
0.0,0.308,-0.329,1.141,2.688,5.121,6.988,8.118,8.81,10.705,15.158,19.07,23.776,23.666,24.699,25.433,25.654,24.473,21.397,19.946,18.092,17.022,15.682,13.997,13.955,15.172,16.44,16.543,14.656,15.585,16.222,15.042,10.24,-7.733,0.77,-0.177,0.204,0.771,4.926,6.576,6.455,7.583,9.589,10.418,11.625,12.79,13.029,12.798,12.445,12.036,11.729,12.033,12.334,12.272,12.593,12.671,12.773,12.701,12.37,11.765
0.0,-1.01,-3.114,-6.032,-8.122,-10.503,-10.304,-12.457,-13.814,-18.768,-21.672,-21.152,-21.92,-24.528,-29.925,-17.441,-16.196,-14.737,-15.615,-11.042,-9.313,-8.886,-5.06,1.844,8.834,16.367,10.68,5.793,5.409,5.236,7.625,10.356,11.56,12.003,13.159,12.833,14.89,15.422,14.608,14.542,13.796,15.368,13.371,11.867,9.542,9.875,10.367,10.126,10.093,9.578,7.1,6.191,7.265,5.839,4.252,1.523,-1.875,-2.414,1.884,3.808
0.0,-2.94,-2.94,-0.735,-3.676,-5.146,-6.616,-11.027,-17.511,-17.829,-17.824,-18.089,-15.907,-10.183,-4.676,2.661,2.639,-3.05,-9.096,-8.63,-7.514,-5.729,-7.305,-10.374,-11.1,-13.172,-18.722,-25.144,-25.148,-27.758,-26.536,-25.31,-23.562,-22.578,-25.731,-29.407,-27.937,-26.466,-27.201,-25.731,-23.525,-20.585,-19.114,-14.703,-13.233,-10.292,-9.557,-8.087,-9.557,-8.822,-4.411,-3.676,-3.676,-6.616,-5.881,-4.411,-3.676,-3.676,-3.676,-2.94
0.0,-4.128,-4.344,-1.279,1.352,3.562,7.585,9.177,8.682,7.549,6.636,2.136,0.618,-0.244,3.496,8.892,12.443,14.196,14.306,11.563,7.322,9.465,11.111,13.032,14.97,15.89,15.269,15.134,13.876,14.15,15.285,15.172,14.254,13.855,14.536,13.992,12.437,10.228,9.141,10.028,12.255,14.546,16.04,16.06,16.548,16.821,17.313,17.118,9.411,6.756,1.125,-6.556,-5.735,-4.597,-0.204,5.327,8.389,6.755,6.968,7.793
0.0,2.76,3.005,-1.796,-2.803,-4.851,-4.238,-5.947,-3.846,-1.896,1.837,2.983,-1.517,-10.802,-10.202,-4.339,-1.268,1.336,5.008,10.473,9.665,13.036,12.226,13.35,14.663,14.666,13.338,11.146,8.538,7.602,5.538,4.662,5.168,3.37,2.843,2.044,0.855,-1.443,-0.817,-3.799,-4.556,-4.098,-4.372,-5.762,-6.467,-5.929,-6.803,-8.882,-8.292,-9.324,-11.043,-10.289,-13.325,-17.894,-15.03,-12.687,-12.264,-9.091,-5.135,-4.442
0.0,1.622,1.663,1.872,2.832,3.896,3.483,4.151,4.724,2.718,1.79,0.653,1.366,1.008,0.592,0.152,0.842,3.453,3.35,3.398,4.487,6.58,6.406,8.29,11.107,13.34,12.165,14.749,12.94,14.323,12.994,13.431,14.104,13.039,11.971,13.794,14.31,14.972,16.695,18.59,16.247,10.291,9.246,11.514,10.248,11.351,13.115,8.579,7.083,6.159,7.161,5.078,5.307,1.922,0.692,0.55,-4.128,-2.327,13.343,13.523
0.0,-0.018,-0.012,0.072,-0.11,-0.025,0.065,-0.165,-0.087,0.014,-0.034,-0.127,-0.121,-0.038,-0.122,-0.124,-0.051,-0.273,-0.111,-0.177,-0.138,-0.178,-0.152,0.021,-0.17,0.024,-0.101,0.028,0.157,0.39,0.717,0.971,1.441,1.901,1.862,1.851,1.656,0.419,0.302,0.229,0.329,0.136,0.173,0.304,0.186,0.194,0.243,0.164,0.292,0.285,0.141,0.41,0.186,0.159,0.154,0.252,0.248,0.152,0.159,0.146
0.0,4.968,11.721,17.491,21.804,23.903,24.279,23.327,22.91,23.391,24.334,26.399,29.828,31.71,32.25,30.434,29.251,28.904,27.725,26.831,26.499,27.555,26.637,25.99,26.329,26.637,27.29,26.653,27.459,28.229,30.009,29.867,28.198,27.174,24.967,20.898,17.092,11.37,6.675,2.375,0.127,-4.074,-9.005,-13.275,-17.747,-21.345,-23.038,-26.223,-29.863,-31.61,-33.649,-35.277,-34.844,-36.602,-36.756,-36.276,-35.66,-35.539,-31.028,-26.402
0.0,-1.79,-4.227,-5.857,-7.259,-8.917,-9.771,-12.115,-14.336,-16.663,-18.367,-19.074,-21.201,-22.506,-24.036,-23.833,-24.469,-24.124,-24.363,-24.269,-24.992,-24.458,-25.819,-26.372,-26.815,-28.044,-29.359,-36.258,-38.707,-40.214,-40.76,-41.896,-47.371,-50.543,-52.821,-55.074,-58.48,-59.781,-61.987,-63.804,-64.499,-65.812,-69.64,-70.503,-71.865,-72.635,-74.064,-75.298,-76.344,-76.733,-76.758,-76.628,-76.905,-77.946,-78.965,-78.913,-78.231,-77.503,-77.273,-77.319
0.0,2.677,3.606,4.633,6.781,10.193,12.597,11.37,12.037,13.156,15.229,14.88,14.816,14.718,16.265,13.9,12.685,17.655,21.421,21.968,25.329,29.574,33.239,34.923,39.531,39.585,40.627,39.904,41.207,40.489,41.432,39.401,37.897,37.486,37.723,42.379,42.526,44.267,45.484,42.724,42.807,43.568,45.293,50.795,52.636,54.91,54.48,51.963,50.95,51.812,49.6,47.639,46.76,47.485,47.098,49.767,56.012,52.497,53.974,52.364
0.0,-4.476,-14.331,-17.938,-20.798,-22.015,-22.191,-21.48,-21.783,-25.445,-25.418,-27.574,-31.431,-33.649,-37.198,-38.971,-38.554,-37.776,-37.524,-40.982,-39.196,-38.774,-42.147,-43.379,-37.782,-37.725,-37.881,-36.422,-36.617,-36.642,-35.31,-32.444,-34.099,-40.996,-41.296,-43.034,-41.836,-41.181,-41.489,-38.657,-36.696,-31.501,-22.482,-15.838,-8.444,0.146,3.526,6.081,7.159,9.645,10.96,13.497,15.432,20.961,23.865,25.914,23.274,23.382,20.999,20.393
0.0,-0.414,-3.462,-7.293,-10.197,-10.84,-9.356,-15.862,-16.578,-18.971,-20.841,-22.513,-24.866,-25.81,-25.525,-26.715,-25.626,-24.949,-24.307,-24.211,-25.628,-25.544,-27.479,-30.694,-32.808,-34.548,-37.747,-41.716,-45.526,-45.963,-45.628,-45.417,-43.107,-42.18,-39.59,-37.275,-30.805,-30.805,-29.335,-28.6,-25.659,-23.454,-22.718,-21.248,-22.718,-24.189,-26.394,-28.083,-31.99,-34.125,-34.894,-34.13,-32.235,-32.276,-30.805,-30.805,-33.011,-35.216,-36.687,-35.952
0.0,-2.12,-5.371,-11.478,-12.424,-12.44,-19.37,-22.541,-26.438,-34.143,-36.756,-37.73,-39.101,-41.461,-41.93,-42.665,-43.663,-44.258,-44.747,-42.317,-40.394,-39.663,-40.639,-41.402,-41.931,-42.289,-39.899,-35.99,-33.299,-29.109,-27.355,-26.197,-26.614,-25.536,-24.964,-24.769,-24.173,-24.886,-24.879,-25.551,-25.299,-25.55,-29.947,-30.099,-29.521,-28.52,-26.302,-25.797,-23.825,-23.46,-23.242,-23.205,-22.207,-21.073,-21.18,-20.55,-20.968,-20.487,-18.298,-17.186
0.0,0.136,-1.772,-3.264,-3.897,-3.269,-1.632,-2.927,-3.563,-7.113,-8.3,-7.836,-7.891,-9.14,-10.541,-14.543,-17.507,-24.346,-25.106,-25.243,-28.473,-29.337,-30.122,-30.165,-31.098,-32.741,-34.232,-35.351,-37.453,-37.04,-37.208,-36.964,-37.764,-39.289,-40.205,-41.174,-42.28,-42.49,-42.616,-42.63,-43.46,-43.651,-43.536,-43.817,-44.249,-43.721,-43.008,-41.891,-40.295,-38.761,-38.176,-38.673,-38.645,-33.901,-31.894,-31.054,-29.668,-26.586,-22.937,-20.171
0.0,-2.85,-10.609,-13.516,-15.759,-18.953,-23.037,-24.973,-23.984,-24.4,-24.951,-24.728,-22.118,-18.937,-14.227,-11.139,-10.959,-8.418,-7.518,-6.052,-3.402,-1.019,1.069,3.204,5.653,6.699,7.271,10.967,12.587,14.611,14.565,20.916,21.44,20.433,19.349,20.505,21.016,23.114,24.903,23.119,22.31,16.592,16.122,12.417,1.966,-4.381,-5.096,-10.181,-11.413,-13.616,-16.393,-21.945,-26.15,-32.655,-34.053,-36.02,-37.985,-36.994,-33.522,-30.957
0.0,1.558,2.518,1.532,2.681,-0.223,-0.617,-2.224,-4.716,-5.478,-7.862,-6.46,-7.155,-11.036,-12.486,-16.985,-22.606,-20.889,-22.169,-31.216,-33.821,-33.755,-34.523,-35.175,-35.017,-34.403,-33.037,-32.034,-32.691,-29.836,-28.546,-28.841,-25.632,-20.315,-18.448,-18.563,-18.184,-17.082,-18.524,-16.861,-14.699,-11.845,-11.057,-10.574,-10.149,-9.855,-9.891,-10.469,-10.14,-10.368,-10.253,-10.178,-8.573,-6.562,-4.693,0.202,1.817,3.149,4.315,3.888
0.0,-1.665,-1.979,-2.133,-2.879,-3.585,-4.113,-3.86,-3.939,-5.499,-5.936,-3.547,-6.014,-3.776,-2.291,-0.068,3.462,8.031,8.228,8.19,10.641,11.372,0.805,-2.162,-5.645,-6.557,-4.759,-5.498,-9.229,-13.072,-17.146,-22.951,-26.875,-28.344,-31.883,-35.364,-38.443,-40.513,-45.621,-45.556,-45.969,-47.264,-46.222,-47.129,-47.92,-47.429,-48.769,-48.849,-53.891,-54.767,-57.849,-58.686,-61.009,-66.691,-67.621,-69.247,-69.106,-71.196,-74.696,-72.302
0.0,3.27,3.915,3.849,1.353,3.69,4.068,4.44,7.236,12.124,16.241,20.615,24.014,24.561,27.049,29.683,32.065,33.768,34.353,35.758,33.769,32.333,28.828,30.574,30.71,30.972,29.881,32.451,34.334,38.55,40.753,38.742,38.139,37.343,33.965,33.291,21.132,18.859,15.205,6.178,1.531,-0.946,-1.946,-1.843,-5.366,-9.238,-15.748,-19.397,-20.12,-21.242,-21.623,-22.959,-23.299,-27.579,-32.536,-35.95,-38.867,-44.954,-45.864,-47.752
0.0,2.361,1.237,1.195,0.4,1.346,1.681,0.384,-0.243,-1.548,-4.511,-7.135,-8.63,-10.73,-13.904,-15.545,-13.765,-14.966,-17.598,-25.118,-30.717,-35.306,-31.833,-28.432,-32.528,-31.313,-28.434,-22.623,-20.609,-20.781,-19.994,-16.565,-12.577,-8.957,-8.795,-9.797,-12.205,-13.375,-12.629,-13.528,-15.452,-18.164,-19.045,-21.769,-32.275,-42.764,-52.055,-63.639,-71.892,-85.132,-88.409,-88.926,-91.745,-92.72,-93.105,-95.659,-97.61,-105.567,-110.173,-111.482
0.0,0.465,-4.359,-7.512,-9.73,-9.145,-9.45,-13.068,-10.534,-8.997,-6.34,-3.305,-0.913,2.804,7.02,9.016,8.67,9.768,11.951,14.708,15.19,15.535,16.671,16.65,16.962,18.055,18.869,19.023,19.823,19.593,19.28,16.746,17.042,14.33,13.654,12.165,15.46,15.386,15.13,15.267,9.143,-0.105,-1.423,-2.019,-2.758,-1.843,-3.02,-3.155,-2.487,-5.544,-9.284,-11.187,-10.215,-7.457,-6.736,-8.781,-9.168,-8.98,-7.255,-3.973
0.0,0.159,1.34,2.335,3.44,6.131,9.057,12.27,13.367,13.307,13.503,12.485,11.692,11.57,11.199,11.433,12.248,15.688,18.807,19.31,17.698,18.975,20.263,21.362,22.176,22.813,22.546,22.266,19.706,18.928,17.673,16.933,15.128,12.959,9.502,4.328,9.561,12.828,11.652,10.87,10.316,9.44,8.54,8.508,6.042,2.83,0.329,0.91,4.719,6.444,7.275,7.323,5.959,6.602,6.962,6.121,7.54,7.325,12.889,18.528
0.0,-3.194,-7.503,-10.402,-12.146,-14.516,-15.403,-16.182,-17.568,-19.677,-21.284,-22.463,-22.481,-21.945,-22.534,-24.591,-26.255,-28.96,-30.076,-32.473,-32.861,-37.366,-37.462,-40.29,-43.768,-45.798,-52.367,-57.004,-56.91,-59.529,-61.06,-63.224,-63.035,-61.939,-61.275,-59.456,-58.691,-58.58,-59.011,-59.103,-61.829,-61.944,-59.586,-60.971,-62.258,-62.154,-62.92,-62.95,-63.254,-64.302,-64.128,-63.941,-64.321,-64.859,-64.88,-63.465,-65.263,-65.953,-66.576,-66.811
0.0,2.486,4.331,6.371,6.708,6.652,6.192,5.595,5.954,6.118,6.666,7.251,7.486,9.055,10.554,12.479,13.722,14.037,16.279,18.251,18.802,19.435,20.781,22.813,22.972,23.149,23.838,24.595,24.637,24.781,25.087,26.786,27.872,27.872,29.274,28.504,30.413,32.128,30.982,32.212,32.7,33.057,34.625,35.065,36.48,36.535,36.367,36.455,36.428,37.108,37.533,37.813,37.842,38.762,38.915,39.454,39.961,39.529,39.766,39.734
0.0,2.064,5.607,5.115,6.722,7.505,8.768,8.454,9.836,11.374,10.813,9.786,10.47,12.419,15.278,16.253,17.633,17.944,17.046,12.115,9.047,6.917,4.25,4.476,3.59,7.398,7.597,7.516,8.833,9.848,11.226,10.151,10.252,8.995,9.788,11.624,14.099,14.653,12.317,15.759,17.127,16.651,18.879,22.029,23.199,25.484,25.338,25.389,25.404,28.479,28.111,28.815,27.666,27.639,27.43,28.665,29.655,31.336,32.596,33.106
0.0,-1.63,-1.096,-2.238,-3.484,-5.684,-8.316,-12.811,-16.655,-19.905,-21.799,-26.346,-31.591,-32.327,-36.328,-39.263,-31.653,-27.594,-25.282,-25.182,-25.903,-24.943,-22.671,-19.948,-20.878,-14.869,-8.329,-8.661,-12.35,-12.046,-13.005,-17.273,-20.012,-25.727,-32.776,-34.236,-32.892,-37.714,-44.689,-44.689,-44.689,-44.689,-44.689,-44.689,-44.689,-44.689,-44.689,-44.689,-44.689,-44.689,-44.689,-44.689,-44.689,-44.689,-44.689,-44.689,-44.689,-44.689,-44.689,-44.689
0.0,-0.824,-3.471,-7.626,-16.787,-17.245,-17.855,-17.651,-14.356,-14.037,-19.101,-24.652,-17.291,-14.375,-15.45,-17.469,-30.263,-33.313,-33.313,-33.412,-35.163,-39.591,-39.064,-42.256,-43.902,-43.175,-41.115,-40.531,-42.281,-41.113,-39.021,-39.933,-41.244,-42.176,-40.858,-40.664,-39.498,-38.163,-36.019,-33.132,-33.365,-31.823,-28.556,-26.032,-26.824,-25.327,-24.991,-22.447,-18.803,-15.351,-18.166,-21.033,-27.262,-26.017,-23.706,-24.516,-26.249,-31.593,-32.333,-34.899
0.0,1.63,1.922,1.793,2.267,2.686,3.01,2.971,3.195,3.248,2.103,-1.932,-2.429,-3.135,-15.057,-14.397,-11.888,-10.228,-8.853,-7.851,-7.267,-6.112,-4.993,-5.779,-7.421,-11.019,-14.254,-16.984,-19.177,-23.311,-22.553,-22.571,-23.003,-25.7,-27.549,-28.161,-28.291,-28.055,-27.838,-27.221,-26.701,-25.696,-25.927,-25.418,-24.097,-23.948,-23.746,-23.407,-23.204,-22.08,-19.738,-17.072,-14.476,-10.366,-6.153,-3.53,-1.388,-0.513,2.669,1.808
0.0,8.132,23.513,26.484,42.218,40.631,48.796,46.705,44.607,47.161,48.285,49.675,51.676,54.581,55.406,57.334,62.017,67.731,72.366,75.917,78.974,82.799,85.205,85.611,86.607,88.65,92.15,92.43,92.337,91.852,90.936,90.105,90.646,92.762,94.55,96.504,97.174,97.892,99.91,99.932,101.424,101.294,101.555,103.182,105.205,106.327,108.149,110.5,113.796,116.287,118.425,120.688,122.565,124.033,126.22,127.314,127.948,127.957,127.837,128.57
0.0,0.541,0.955,1.34,0.636,-0.181,0.258,1.235,2.03,2.772,4.604,6.478,7.411,8.281,8.921,8.818,8.48,7.777,6.065,5.236,5.573,6.482,6.872,5.926,4.784,3.174,-3.084,-4.618,-5.735,-5.845,-4.725,-7.088,-8.031,-6.484,-5.793,-5.097,-7.144,-9.535,-12.127,-14.352,-15.703,-16.98,-17.49,-18.568,-17.893,-19.291,-19.647,-20.977,-20.386,-19.941,-19.696,-19.697,-20.395,-20.62,-21.335,-21.722,-21.891,-21.717,-22.469,-23.437
0.0,-5.635,-6.165,-5.051,-1.133,1.925,5.629,6.477,8.418,12.857,18.586,24.031,29.223,32.163,35.577,42.278,45.906,47.172,45.029,45.34,46.154,44.853,44.54,47.126,50.835,53.138,51.997,49.768,50.498,50.229,51.123,52.559,52.737,52.707,52.079,50.333,47.75,46.051,45.081,45.425,46.202,45.469,44.505,45.155,46.253,46.474,46.698,49.155,50.715,52.185,52.494,53.204,53.97,52.593,52.43,52.685,51.582,49.91,47.377,47.647
0.0,1.334,1.611,3.004,5.549,7.675,11.508,16.041,19.258,18.345,18.643,19.879,21.623,20.549,19.308,24.216,23.203,23.56,27.189,28.569,32.735,30.573,28.697,40.689,39.208,35.277,28.481,24.655,24.259,22.84,22.851,24.011,25.194,25.401,26.629,24.41,25.59,27.455,26.337,19.138,21.076,23.591,23.664,25.979,27.646,30.199,34.634,38.942,43.724,45.983,49.784,51.862,53.403,56.687,54.863,54.308,53.545,54.197,56.515,60.311
0.0,1.274,1.259,2.087,2.057,4.243,4.769,7.959,11.793,16.409,14.87,11.527,8.896,6.722,4.748,3.413,0.656,-4.298,-6.429,-19.246,-21.271,-20.772,-16.14,-2.479,11.213,10.306,11.906,15.431,20.883,22.414,23.229,22.486,22.672,24.179,24.399,24.75,25.428,26.976,28.373,31.105,31.959,31.397,30.72,27.801,25.114,21.841,19.498,18.318,16.846,15.556,14.097,12.988,13.122,12.81,13.532,13.766,13.264,11.16,10.16,9.587
0.0,-0.083,-1.347,-1.975,-2.898,-2.09,-3.166,-3.486,-5.449,-2.821,-7.28,-11.09,-11.044,-7.529,-4.854,-2.499,1.1,-0.119,-0.264,-1.828,-3.674,-4.745,-5.285,-5.857,-5.583,-5.408,-5.199,0.939,-3.75,-7.001,-10.756,-20.071,-23.284,-22.363,-19.575,-25.02,-24.94,-23.112,-19.599,-20.226,-17.99,-14.316,-11.482,-6.336,-1.911,2.625,7.055,7.218,10.532,7.609,3.521,5.752,7.803,5.575,3.342,1.257,-1.182,3.767,3.765,4.922
0.0,1.511,-0.572,-5.782,-8.467,-4.666,-5.3,-6.582,-10.129,-15.291,-17.044,-18.196,-17.721,-15.31,-13.817,-11.614,-14.515,-9.996,-3.848,0.287,-0.69,0.034,4.496,1.706,0.72,0.924,1.136,-0.735,-1.168,-0.719,-1.947,-0.342,-1.32,-3.579,-8.867,-13.735,-16.607,-33.47,-33.194,-33.458,-34.296,-35.974,-37.82,-39.919,-42.288,-41.913,-41.52,-42.455,-43.872,-45.811,-45.887,-45.662,-48.696,-48.038,-45.307,-44.198,-44.719,-46.643,-47.533,-46.164
0.0,0.018,-0.31,-0.03,0.213,0.09,0.049,-0.101,-0.118,-0.21,0.025,0.121,0.185,0.335,0.247,0.354,0.459,0.467,0.405,0.395,0.396,0.388,0.469,0.696,1.084,0.804,0.327,-0.215,-0.615,-0.501,-0.401,-0.3,-0.428,-0.508,-0.491,-0.362,-0.394,-0.12,-0.041,-0.232,-0.201,-0.1,-0.369,0.015,-0.25,-0.218,-0.089,0.161,-0.155,-0.111,0.297,-0.055,0.225,0.306,0.533,0.723,0.492,0.471,0.596,0.432
0.0,-2.163,-7.854,-8.035,-7.914,-10.234,-10.541,-7.797,-5.608,-3.763,-1.432,-2.248,-14.13,-14.646,-13.062,-13.812,-16.534,-20.187,-22.243,-24.231,-23.911,-23.264,-25.14,-29.111,-30.123,-30.309,-30.564,-35.261,-36.433,-38.165,-38.535,-43.955,-45.247,-46.749,-46.632,-46.328,-46.613,-45.688,-44.774,-43.852,-43.736,-47.788,-50.215,-49.846,-48.444,-52.203,-54.057,-53.902,-55.214,-56.349,-57.576,-59.631,-61.403,-64.252,-67.512,-70.072,-72.251,-73.495,-74.601,-74.881
