0.0,1.783,3.262,3.412,3.593,1.553,1.194,1.356,3.055,0.166,-3.363,-1.496,-1.975,4.89,4.563,2.628,1.348,-2.281,-1.844,0.132,0.286,0.576,2.647,3.608,0.941,1.34,2.53,3.337,1.729,0.886,1.261,5.743,6.135,5.916,4.559,-1.272,-1.478,1.092,1.398,-0.307,-0.613,-0.168,-1.642,-2.267,-2.543,-4.219,-5.904,-6.547,-5.654,-5.664,-4.339,-3.149,-2.25,-0.872,-2.115,-3.133,-4.927,-6.52,-9.29,-11.42
0.0,0.379,-0.346,8.973,10.933,14.812,17.727,19.428,20.088,15.552,10.975,11.664,10.478,12.119,10.019,4.834,2.696,0.305,-2.093,-4.47,-8.862,-11.855,-14.137,-17.106,-28.308,-32.011,-37.927,-42.011,-45.823,-57.497,-68.999,-75.183,-81.036,-89.999,-95.735,-101.291,-105.654,-106.492,-106.599,-106.258,-109.659,-107.144,-109.582,-103.673,-105.067,-103.752,-102.574,-96.819,-89.321,-81.955,-76.566,-70.661,-66.044,-61.109,-53.678,-48.528,-45.433,-40.481,-38.77,-37.744
0.0,-1.156,-2.446,-2.43,-2.051,-2.015,-2.005,-2.403,-2.196,-2.336,-9.897,-8.097,0.102,0.684,-1.316,-0.607,0.479,2.357,1.708,1.517,1.303,-0.583,-2.653,-1.665,-0.16,0.848,1.262,-1.889,-3.533,-5.601,-5.032,-6.265,-5.021,-8.443,-11.411,-11.459,-8.828,-8.148,-6.49,-7.261,-6.324,-5.542,-4.708,-6.416,-5.135,-5.685,-2.948,-4.443,-5.328,-6.937,-7.372,-8.023,-7.582,-7.647,-9.189,-10.023,-9.737,-12.0,-11.514,-11.724
0.0,-3.131,-0.958,1.691,4.143,6.931,10.245,9.573,9.57,10.35,9.085,9.209,8.915,8.899,9.193,7.97,9.724,8.83,5.251,6.558,7.929,7.47,8.069,7.942,5.823,7.754,8.638,14.459,13.574,15.839,29.417,29.827,31.186,27.389,24.499,21.22,17.745,15.137,13.37,15.225,23.771,20.191,21.166,20.723,20.14,20.989,18.851,23.427,21.036,19.734,20.921,21.927,25.03,25.78,25.25,23.446,23.584,25.213,27.14,33.137
0.0,-0.767,-0.231,-1.2,-3.011,-3.394,-4.087,-9.954,-18.953,-25.842,-27.553,-31.308,-36.438,-34.611,-33.997,-35.184,-42.78,-42.901,-44.615,-45.816,-47.332,-48.973,-52.368,-53.72,-53.778,-51.713,-51.618,-49.835,-50.872,-52.626,-53.319,-53.42,-54.131,-54.101,-55.198,-56.043,-55.795,-55.777,-56.447,-57.505,-57.059,-56.403,-56.352,-57.406,-56.772,-59.271,-61.244,-62.396,-60.965,-63.764,-64.141,-63.436,-64.786,-65.063,-67.548,-72.618,-73.722,-73.577,-73.327,-72.885
0.0,-0.663,3.11,3.079,2.234,0.759,-0.302,0.455,6.994,8.842,7.574,6.069,6.713,7.898,6.187,6.968,-1.029,-1.997,-5.336,-13.927,-19.38,-22.214,-21.836,-24.278,-24.89,-25.817,-24.341,-22.167,-15.456,-13.022,-7.045,-2.148,-0.759,1.252,2.452,5.134,6.305,5.517,5.823,9.187,10.774,12.509,13.441,13.148,10.344,9.089,8.65,7.163,5.799,5.291,4.013,2.816,0.875,-0.954,-7.844,-9.856,-11.491,-15.655,-17.108,-16.36
0.0,-5.63,-7.418,-9.059,-8.673,-7.742,-8.451,-7.798,-6.607,-5.086,-7.376,-5.833,-2.023,1.874,3.81,8.721,9.484,9.487,10.399,12.329,11.981,13.104,18.745,19.756,20.102,19.239,17.277,15.826,12.863,13.266,12.598,12.75,11.837,10.869,10.613,10.221,8.738,7.777,3.561,1.344,-0.977,-3.915,-7.072,-7.705,-8.682,-9.578,-9.757,-9.219,-9.113,-10.018,-11.846,-12.832,-13.609,-14.637,-15.259,-16.249,-18.533,-19.387,-21.97,-23.283
0.0,-3.417,-3.956,-4.934,-4.253,-1.85,0.253,1.666,12.219,16.439,14.59,12.831,15.652,13.988,13.79,17.35,18.156,18.884,18.342,18.196,16.621,19.951,25.643,27.895,27.017,27.615,29.454,32.547,33.381,36.117,37.712,37.803,39.226,42.312,43.958,44.229,44.582,44.018,42.964,42.022,42.39,42.373,44.745,46.824,46.57,46.626,47.28,45.216,43.002,41.587,41.282,42.586,43.311,44.754,46.933,44.899,43.606,41.696,40.663,40.29
0.0,-0.664,1.989,2.772,4.317,5.202,7.159,7.569,6.888,7.562,5.161,1.584,-2.913,-4.657,-0.409,-3.554,-5.81,-14.009,-29.484,-31.991,-54.134,-74.558,-88.0,-91.549,-89.753,-88.5,-87.885,-88.267,-86.229,-84.315,-81.732,-80.431,-79.993,-73.522,-73.502,-69.64,-69.683,-63.809,-58.294,-53.458,-53.472,-49.767,-46.074,-42.967,-40.116,-37.548,-39.808,-43.42,-52.518,-89.901,-119.239,-141.548,-151.802,-150.186,-146.693,-136.776,-125.942,-119.125,-176.878,-180.978
0.0,-0.701,0.777,0.425,1.85,2.204,1.981,3.158,5.138,4.587,5.477,5.852,5.255,4.157,4.336,4.348,4.748,5.701,5.888,6.201,5.855,5.099,5.426,5.494,4.785,4.624,4.015,3.278,2.597,1.67,1.571,0.462,0.323,-2.508,-2.652,-4.609,-4.223,8.567,-0.869,-1.918,-3.367,-3.768,-3.797,-4.3,-5.002,-5.017,-5.219,-5.435,-5.294,-5.404,-5.388,-5.436,-5.402,-5.432,-5.411,-5.502,-5.391,-5.311,-5.286,-5.459
0.0,1.949,3.117,3.259,2.93,4.042,5.383,6.426,7.281,7.709,9.732,10.381,9.636,8.794,9.096,11.858,15.516,18.603,19.576,18.12,19.257,21.009,19.952,18.712,17.917,19.437,20.228,20.057,21.87,22.934,22.073,17.939,15.516,17.783,18.222,16.977,17.761,17.635,18.532,18.04,17.049,16.021,16.076,14.268,12.376,9.458,5.15,-1.388,-7.479,-15.146,-18.923,-24.011,-29.311,-40.726,-43.943,-48.614,-53.786,-55.31,-55.056,-52.76
0.0,1.084,2.268,2.195,2.72,2.801,3.929,6.459,8.948,6.781,7.263,8.161,9.246,7.929,6.875,5.199,3.9,2.205,1.158,0.815,0.367,-0.378,-1.452,-1.796,-2.93,-4.981,-6.547,-6.443,-4.336,-4.251,-3.692,-3.453,-3.398,-3.01,-3.055,-2.469,-1.989,-1.445,-1.278,-0.903,-0.923,-0.84,-0.651,-0.314,-0.127,-0.059,0.113,0.163,0.361,0.419,0.51,0.63,0.714,0.929,0.954,0.962,1.213,1.297,1.405,1.289
0.0,2.518,5.291,7.43,8.9,9.146,10.25,10.824,8.707,5.854,0.359,-4.798,-6.958,-12.352,-17.359,-19.811,-20.058,-20.641,-20.341,-18.515,-18.994,-23.014,-26.589,-25.304,-26.22,-28.796,-30.563,-29.576,-33.513,-41.111,-49.812,-59.923,-68.456,-70.768,-67.701,-68.961,-65.444,-63.497,-53.685,-48.489,-44.58,-43.24,-45.317,-42.358,-40.36,-41.638,-43.733,-42.849,-41.707,-44.815,-54.13,-72.084,-71.187,-69.43,-69.583,-70.411,-75.454,-78.321,-85.048,-87.474
0.0,-0.061,-0.544,0.807,3.051,2.848,3.552,1.511,0.854,2.592,4.749,8.175,9.458,14.523,18.778,22.46,21.944,23.087,24.897,25.811,27.091,28.98,29.819,31.329,34.189,38.197,39.276,43.514,42.369,43.917,44.399,45.918,46.677,49.412,50.427,49.586,53.861,54.818,54.318,54.525,56.837,58.093,59.847,59.341,60.674,59.048,60.369,61.265,61.869,61.865,58.773,58.975,58.831,59.522,60.534,62.986,64.654,65.187,66.239,67.695
0.0,-1.379,-4.018,-5.468,-4.103,-5.544,-7.603,-8.998,-9.211,-9.58,-9.915,-10.238,-7.268,-3.772,-1.503,-0.345,0.131,-0.321,-0.646,11.26,11.385,10.302,7.609,7.267,6.685,7.958,4.227,6.63,7.611,9.641,9.948,12.201,13.404,12.581,12.092,9.979,8.566,8.612,9.176,7.844,6.242,3.455,1.168,3.297,6.6,10.017,14.333,15.174,16.119,15.892,17.598,19.1,20.89,25.244,26.829,30.829,40.709,44.212,45.071,46.041
0.0,7.41,6.869,3.105,2.043,4.621,5.311,5.379,7.727,8.865,8.315,8.12,10.52,13.022,13.476,14.062,16.767,19.519,25.571,28.653,31.823,33.436,33.281,34.648,36.072,36.094,36.632,38.707,42.366,44.418,45.4,45.026,45.373,47.782,50.827,51.704,52.081,56.131,59.832,61.327,61.834,63.632,63.115,66.285,67.689,68.281,71.865,74.717,74.249,73.317,74.839,75.417,71.637,67.215,59.659,60.776,62.615,63.516,63.204,64.375
0.0,-0.846,-2.466,-3.342,-4.123,-6.021,-7.143,-11.205,-4.207,-4.671,-4.471,-3.61,-1.373,-2.139,-3.852,-4.807,-5.479,-6.4,-5.515,-6.572,-10.223,-12.164,-14.459,-15.259,-14.272,-13.76,-13.224,-11.319,-8.599,-0.877,1.879,5.635,6.197,9.013,8.178,9.587,7.96,6.438,1.419,6.44,6.908,9.237,11.08,11.803,12.06,14.041,16.151,17.35,17.852,16.233,11.401,14.125,17.488,17.728,15.938,13.381,9.174,6.504,0.863,-3.941
0.0,0.329,2.819,4.01,5.65,7.401,9.831,12.827,15.531,16.237,19.073,23.688,26.937,28.973,31.182,31.106,29.867,27.888,27.883,25.977,27.794,29.705,30.897,35.205,35.758,35.303,35.367,33.931,33.247,32.102,29.999,25.704,22.826,22.038,20.068,19.289,18.047,15.156,12.624,11.639,10.392,7.885,5.717,3.104,1.859,-1.29,-4.537,-5.501,-6.579,-10.317,-12.284,-13.637,-15.957,-17.722,-18.134,-18.863,-23.77,-26.938,-27.404,-27.456
0.0,1.292,3.133,4.372,6.265,10.151,14.798,18.52,19.0,19.56,20.975,22.161,22.484,22.572,23.886,24.291,27.466,28.488,28.162,28.07,26.2,22.35,20.319,19.564,17.876,11.049,6.807,4.999,3.529,2.42,1.264,0.338,-1.157,-2.756,-4.253,-6.05,-5.721,-6.153,-6.382,-6.401,-9.067,-13.398,-6.735,-5.868,-5.108,-6.235,-6.48,-5.589,-4.061,-1.276,0.476,0.696,0.583,0.275,1.041,-0.059,0.545,0.429,1.376,2.228
0.0,2.699,9.707,6.407,10.574,10.77,11.706,10.702,12.292,11.66,9.458,7.906,8.98,12.889,14.243,18.105,13.673,13.357,14.735,9.667,6.31,14.889,20.318,22.898,20.757,24.227,24.773,22.89,17.37,13.379,19.166,9.587,12.226,8.385,14.949,15.183,8.5,6.774,11.642,8.716,6.106,5.462,7.569,17.264,11.45,7.684,20.408,17.867,14.15,7.948,1.727,28.55,37.619,38.318,50.821,48.523,47.489,46.25,50.558,52.817
0.0,-0.444,-0.537,-1.362,-2.647,-4.69,-4.592,-4.012,-2.217,3.01,3.137,3.224,-5.05,-0.659,-2.026,-3.638,-1.935,-1.002,-2.873,-5.878,-3.883,-5.961,-8.364,-9.964,-15.002,-13.82,-21.883,-32.28,-33.678,-37.93,-38.95,-39.015,-38.475,-39.557,-40.995,-36.496,-34.775,-34.079,-27.69,-33.248,-31.672,-26.698,-25.343,-27.397,-27.448,-24.766,-24.065,-21.846,-26.138,-26.973,-21.915,-20.53,-22.654,-23.077,-29.6,-29.934,-33.603,-29.102,-22.834,-15.21
0.0,-1.312,-3.548,-2.47,-3.94,-3.205,-3.205,-6.146,-6.881,-5.411,-5.411,-5.411,-4.676,-5.478,-6.146,-4.676,-5.411,-6.146,-10.557,-13.498,-14.968,-14.233,-13.498,-14.233,-16.439,-16.439,-14.233,-10.557,-10.557,-9.087,-9.822,-7.616,-3.94,-3.94,-1.45,0.775,4.814,5.542,5.39,7.319,8.143,8.408,9.312,9.175,9.666,10.19,11.96,11.953,12.716,10.172,9.375,8.381,7.011,9.065,7.66,6.847,8.934,9.009,2.997,5.52
0.0,0.916,1.438,1.807,1.578,3.09,3.17,3.222,4.55,5.33,7.546,8.47,8.146,7.809,8.338,8.924,9.607,9.265,9.87,10.995,11.212,10.812,10.811,11.099,11.352,11.947,13.174,13.37,13.155,13.937,12.906,12.961,12.246,12.026,11.475,11.086,11.144,11.603,12.008,11.077,12.285,11.665,13.652,13.888,15.616,15.501,15.021,15.176,15.274,16.061,15.496,15.606,15.616,14.996,14.415,14.571,15.254,15.234,14.755,14.811
0.0,7.21,8.259,6.561,5.031,3.952,4.905,7.346,7.629,7.652,13.875,14.425,12.5,12.827,11.323,13.344,13.722,14.194,14.702,14.38,15.368,14.081,11.915,13.297,15.194,17.124,16.426,11.061,7.211,7.948,7.19,6.246,5.609,6.944,4.706,4.871,5.152,6.847,7.971,9.002,10.08,10.334,10.36,15.458,14.698,14.755,16.29,16.651,19.826,22.582,23.714,25.711,27.312,29.172,27.888,28.025,28.325,28.181,28.228,29.422
0.0,0.0,0.0,0.0,0.0,0.0,0.0,-8.117,-10.716,-10.024,-8.674,-9.196,-7.93,-8.416,-1.123,-4.664,0.0,-3.459,-5.807,-4.065,0.0,0.0,0.0,0.0,0.0,-1.955,0.0,0.0,0.0,0.0,-4.397,-0.524,-11.948,-11.878,-10.021,-8.999,0.0,-5.286,0.0,0.0,0.0,0.0,0.0,0.0,0.0,0.0,0.0,0.0,0.0,0.0,-10.37,-12.178,-15.662,-17.853,-13.574,-17.894,-18.208,-17.764,-13.094,-15.944
0.0,-0.284,-2.9,-2.187,-3.995,-3.117,-3.252,-3.702,-3.465,-2.611,-1.631,-4.031,-7.358,-10.375,-13.246,-16.324,-20.366,-18.126,-16.694,-16.468,-18.082,-18.916,-19.692,-20.44,-23.106,-24.87,-23.714,-24.754,-23.577,-24.134,-25.556,-26.422,-25.632,-27.396,-27.193,-26.101,-25.431,-23.508,-22.678,-22.101,-22.243,-21.763,-21.748,-22.661,-24.108,-25.881,-26.076,-25.685,-22.716,-19.233,-15.455,-12.479,-10.773,-11.489,-13.272,-14.139,-14.43,-14.726,-17.881,-18.924
0.0,-0.584,0.4,0.702,1.217,1.928,3.607,5.142,5.536,5.6,6.093,7.567,7.939,10.272,11.207,10.708,7.089,5.149,1.297,-4.683,-5.426,-5.093,-3.798,-1.449,0.795,0.52,2.106,2.623,2.161,2.245,3.589,2.9,0.771,-0.066,-3.112,-5.808,-8.407,-8.777,-7.914,-6.152,-3.683,-2.684,-1.587,-1.062,-0.304,1.637,4.895,5.014,4.187,6.326,8.444,10.717,11.853,15.502,14.94,16.875,24.028,29.233,34.751,39.393
0.0,0.618,-1.533,-2.83,-1.52,-1.48,2.537,1.652,-1.618,-5.935,-8.685,-12.129,-12.175,-25.352,-32.553,-38.452,-49.841,-58.137,-64.216,-67.161,-68.614,-71.771,-73.111,-76.442,-82.03,-84.014,-87.233,-94.217,-105.556,-110.04,-112.77,-114.583,-98.536,-98.833,-110.218,-110.775,-106.764,-96.527,-91.573,-91.014,-89.186,-86.457,-83.468,-77.009,-69.737,-63.106,-63.187,-60.724,-53.62,-52.288,-50.845,-46.835,-42.282,-39.2,-34.36,-29.896,-26.956,-23.314,-18.528,-10.532
0.0,2.042,2.498,1.01,1.096,1.312,0.522,-0.17,-1.432,-2.04,-1.414,-1.946,-1.873,0.474,4.632,1.065,-1.567,-8.971,-16.987,-19.219,-19.46,-18.111,-18.702,-16.653,-16.469,-16.906,-19.595,-22.366,-21.805,-21.152,-17.698,-13.645,-9.552,-11.818,-12.305,-11.008,-10.698,-10.321,-10.256,-8.69,-7.329,-3.877,-6.527,-4.34,-8.441,-13.246,-18.693,-19.595,-20.086,-22.51,-22.546,-23.111,-17.95,-14.859,-14.01,-16.685,-20.288,-24.398,-24.561,-23.608
0.0,1.182,1.698,3.418,4.106,3.842,4.216,2.214,3.616,5.902,0.257,-5.044,-10.318,-7.897,-8.408,-14.518,-20.6,-28.707,-32.54,-33.815,-33.129,-34.546,-32.445,-34.455,-34.472,-36.056,-36.594,-38.729,-36.98,-30.125,-20.603,-20.367,-22.038,-21.784,-13.937,-14.054,-16.158,-12.798,-13.03,-17.528,-28.446,-30.366,-35.204,-35.987,-35.044,-38.083,-39.237,-42.884,-45.799,-44.808,-43.97,-46.071,-46.905,-44.15,-41.559,-40.538,-42.322,-40.556,-37.388,-33.586
0.0,1.479,1.473,-1.027,-1.464,4.552,10.592,12.715,11.691,17.635,19.92,19.046,19.745,19.578,16.92,15.247,12.306,11.801,12.593,14.275,14.387,14.626,16.38,18.36,20.305,22.211,21.372,21.511,22.232,22.192,24.351,27.5,29.656,31.164,25.61,32.557,31.729,28.688,20.199,17.509,13.172,7.204,3.461,-3.553,-10.384,-12.213,-13.722,-15.572,-18.186,-21.985,-20.58,-18.465,-23.481,-26.078,-27.382,-34.008,-37.55,-37.308,-39.907,-46.066
0.0,-1.47,-5.146,-13.968,-16.909,-16.909,-21.32,-19.85,-19.114,-18.379,-27.937,-28.672,-28.672,-33.083,-37.494,-38.964,-38.229,-36.024,-35.568,-36.811,-39.39,-40.909,-41.419,-41.022,-40.012,-39.437,-37.167,-34.471,-29.25,-25.149,-22.55,-21.109,-19.316,-16.038,-15.751,-12.752,-7.237,-5.899,-4.567,-2.445,-1.181,-0.134,0.114,-0.323,-0.951,-1.203,1.29,2.942,1.802,1.9,1.506,1.62,-1.049,-2.518,-7.524,-13.109,-13.475,-12.322,-18.227,-25.806
0.0,0.896,2.256,3.381,3.521,2.12,3.763,5.745,7.293,8.677,9.185,10.576,11.356,11.438,12.055,13.268,14.1,15.479,15.054,14.956,14.785,15.29,16.291,15.644,16.206,17.525,18.569,19.278,19.244,18.188,17.148,16.649,16.164,14.643,13.932,13.527,13.564,13.675,13.472,12.731,12.676,13.874,14.886,15.406,14.655,14.535,14.84,15.627,15.602,15.672,15.702,15.587,15.459,15.147,15.246,15.534,15.414,15.547,15.666,15.776
0.0,-1.312,-6.759,-10.208,-11.506,-13.426,-10.297,-9.36,-8.043,-7.593,-5.915,-2.714,-2.547,-3.849,-7.92,-16.227,-18.717,-18.79,-18.596,-18.67,-20.095,-28.219,-30.25,-35.066,-36.846,-36.365,-36.909,-37.164,-35.906,-35.596,-35.741,-35.713,-35.633,-34.967,-33.728,-30.981,-28.601,-26.352,-24.08,-24.078,-23.149,-21.305,-18.732,-17.726,-18.038,-17.8,-17.798,-17.857,-16.868,-20.281,-19.322,-18.018,-16.695,-13.719,-12.174,-10.482,-6.823,-5.86,-11.703,-20.616
0.0,-0.138,0.517,1.35,-2.058,-4.768,-12.63,-3.219,7.11,7.695,3.753,1.507,1.951,4.729,0.281,-2.329,-0.896,3.865,3.671,3.008,-0.268,-5.691,-22.472,-21.848,-20.533,-22.98,-31.996,-32.948,-33.267,-32.443,-36.17,-36.091,-36.025,-34.336,-33.021,-31.277,-31.647,-30.523,-28.35,-26.915,-26.277,-26.015,-24.664,-24.086,-22.051,-20.113,-19.627,-19.236,-18.34,-17.901,-17.724,-18.838,-20.234,-20.239,-20.996,-24.882,-25.13,-28.039,-29.599,-31.126
0.0,0.489,-0.13,-0.314,-0.495,-0.421,1.66,4.787,4.538,4.164,8.624,10.23,14.459,20.324,19.873,12.224,3.296,-23.675,-32.498,-39.233,-38.681,-42.591,-48.507,-50.588,-51.232,-52.956,-56.192,-58.303,-60.856,-62.545,-69.128,-70.693,-69.064,-69.996,-73.598,-77.096,-77.217,-81.449,-84.235,-87.938,-88.557,-88.913,-89.981,-87.675,-86.754,-86.862,-87.186,-86.006,-83.722,-80.901,-79.347,-77.915,-76.991,-81.711,-82.86,-83.085,-85.557,-84.692,-81.652,-82.018
0.0,1.918,2.571,1.902,1.517,1.252,-0.86,-2.604,-1.772,6.506,7.764,11.043,13.222,12.488,12.526,13.311,13.376,14.338,15.085,13.515,12.469,12.421,14.067,13.974,11.058,8.611,6.317,-0.659,-4.753,-9.132,-11.7,-14.787,-15.339,-12.438,-12.676,-13.262,-13.766,-13.945,-13.66,-13.301,-15.184,-16.011,-14.652,-13.589,-8.042,-4.981,-2.062,-2.101,-1.779,1.422,8.157,11.323,11.582,12.919,13.485,13.858,14.366,14.834,15.89,19.208
0.0,2.783,6.024,8.4,8.582,11.909,12.732,14.276,18.729,18.872,18.103,18.129,19.573,18.735,19.423,15.913,14.443,15.38,14.461,7.286,2.848,2.88,-0.041,1.25,4.404,9.96,11.593,16.54,18.511,22.217,24.946,29.433,34.43,33.584,32.18,32.606,32.759,35.814,36.414,37.803,39.342,40.76,41.602,43.772,47.376,50.215,52.475,53.585,53.646,53.144,53.511,52.805,53.503,56.311,57.821,55.768,57.625,63.524,67.009,67.681
0.0,-0.93,-2.47,-5.153,-7.713,-8.86,-11.012,-11.754,-8.325,-5.606,-3.444,-0.846,-0.44,0.658,0.186,2.225,4.068,5.01,6.791,8.076,9.825,12.132,14.284,20.796,23.441,23.919,24.685,26.657,31.001,32.016,33.418,33.28,34.091,35.412,34.151,31.029,30.077,29.319,28.804,29.851,28.691,27.791,27.778,25.611,23.747,20.864,19.832,16.853,13.271,8.334,3.389,-2.835,-6.019,-11.692,-13.816,-17.653,-20.69,-15.812,-5.03,-1.425
0.0,0.428,-0.471,-1.761,-1.371,-0.285,0.815,1.09,0.283,0.641,0.507,0.431,-0.144,-0.512,-0.229,-1.549,-1.08,0.101,-0.454,-0.641,-1.074,-0.971,-0.41,-0.527,-0.221,0.047,-0.869,-3.275,-7.07,-5.976,-4.769,-5.508,-4.87,-4.07,-5.133,-4.4,0.256,1.152,2.721,3.832,5.516,2.941,3.394,6.449,10.129,17.496,33.321,35.405,39.129,39.506,39.206,48.101,50.043,50.842,51.439,52.809,57.633,60.491,59.692,58.736
0.0,4.41,3.275,2.264,-2.401,-3.664,-6.281,-10.838,-10.505,-12.833,-10.95,-10.264,-11.414,-11.11,-11.185,-9.91,-9.135,-6.745,-4.665,-3.778,-2.151,-4.316,-3.236,-4.549,-7.091,-10.954,-12.398,-15.376,-21.436,-25.072,-27.716,-33.857,-32.97,-33.281,-32.531,-33.88,-38.917,-39.573,-39.228,-36.817,-37.016,-36.722,-36.801,-37.45,-37.998,-35.92,-28.102,-23.788,-20.778,-23.061,-20.217,-18.247,-12.068,-9.938,-6.043,-3.338,0.015,2.43,12.326,17.026
0.0,-2.809,-1.109,-0.229,0.127,1.268,1.745,2.724,1.851,0.579,1.219,2.3,0.188,-1.667,-0.872,-0.475,4.963,8.614,9.431,6.467,13.498,27.403,33.854,43.204,46.543,48.032,49.671,50.732,50.32,50.049,49.9,50.162,50.295,51.34,49.987,50.008,50.082,48.584,47.12,46.169,48.648,49.409,50.696,50.893,50.954,49.458,48.706,49.128,48.974,48.695,47.785,47.564,47.346,48.811,48.815,51.109,54.604,56.778,58.229,57.278
0.0,2.267,4.011,5.67,6.996,8.638,9.787,10.579,11.471,13.293,15.324,15.489,16.148,17.979,19.764,21.165,21.414,20.521,19.409,19.372,19.642,20.241,22.578,19.848,20.187,18.702,17.829,16.144,13.203,9.58,7.472,6.021,5.515,3.633,2.832,0.14,-0.818,-5.475,-8.909,-14.951,-17.297,-19.824,-24.022,-25.42,-29.802,-30.62,-29.904,-26.03,-29.878,-31.436,-32.921,-34.565,-39.341,-43.458,-47.607,-53.378,-57.322,-56.815,-51.926,-55.581
0.0,-0.327,-2.972,-2.394,-2.374,-1.755,-2.09,-2.253,2.34,2.349,5.579,13.987,15.989,18.604,19.652,21.495,25.858,28.233,25.899,25.331,25.278,27.166,27.907,28.885,27.318,29.069,28.239,29.195,29.937,29.991,31.904,32.552,32.406,31.15,33.031,37.696,40.037,40.613,42.1,43.193,44.789,47.344,47.732,49.515,46.909,54.026,60.984,59.252,57.837,55.923,55.097,55.397,60.523,65.222,69.198,71.317,70.621,72.005,71.674,73.597
0.0,-1.604,-1.428,3.259,5.816,6.57,19.467,15.553,14.057,29.603,12.673,16.863,13.824,16.323,17.061,18.913,20.283,26.33,28.296,28.092,32.621,33.388,33.99,31.989,31.653,35.096,36.776,38.824,39.097,40.029,40.379,45.218,42.405,48.336,49.502,50.024,54.813,56.396,52.558,55.831,59.025,61.645,62.125,64.941,68.004,68.771,68.385,73.35,81.546,82.061,80.489,84.926,83.881,85.506,92.185,93.733,96.451,95.68,96.5,96.527
0.0,-0.169,-0.27,4.082,6.615,7.586,13.731,12.034,11.563,10.121,10.372,11.177,12.494,13.42,14.808,15.984,16.214,21.467,18.154,15.487,14.042,13.329,13.621,12.527,10.399,7.299,5.405,4.645,4.434,1.158,-1.317,-0.26,-0.821,-1.522,-1.94,-0.551,-0.077,-0.201,-1.625,-4.223,-3.422,-2.478,-2.93,-2.05,-3.806,-11.37,-13.051,-16.53,-18.007,-18.312,-18.652,-18.485,-16.945,-16.494,-15.953,-16.311,-17.596,-18.005,-19.09,-19.138
0.0,-1.727,-4.839,-6.175,-6.751,-6.529,-7.171,-8.417,-10.89,-12.748,-14.019,-14.237,-13.659,-14.743,-14.8,-13.972,-16.393,-16.75,-20.551,-22.267,-24.563,-29.302,-33.14,-34.933,-37.461,-48.125,-50.662,-52.21,-65.233,-57.236,-51.297,-52.512,-55.091,-53.279,-51.985,-55.839,-57.752,-57.098,-54.75,-53.478,-52.478,-55.984,-57.717,-59.8,-58.194,-57.539,-59.395,-61.011,-63.819,-65.417,-66.849,-64.217,-62.82,-62.481,-61.226,-58.723,-57.452,-58.5,-57.938,-60.455
0.0,-3.058,-5.211,-4.54,-7.021,-11.465,-13.848,-16.954,-18.18,-22.673,-27.334,-30.308,-37.004,-42.559,-45.883,-47.537,-50.754,-49.976,-50.809,-52.512,-54.312,-52.506,-51.275,-48.177,-45.426,-44.555,-44.904,-43.024,-40.031,-36.013,-30.263,-27.45,-23.589,-24.705,-24.949,-25.429,-26.392,-27.902,-30.238,-34.778,-39.293,-42.971,-45.553,-45.242,-45.326,-48.593,-52.141,-56.929,-59.994,-61.605,-64.574,-67.602,-73.827,-81.426,-78.67,-79.074,-79.188,-80.27,-78.59,-80.499
0.0,5.751,5.709,1.298,1.567,-4.534,-4.323,-5.895,-5.55,-3.984,-3.066,-2.659,-2.35,-3.435,-8.087,-9.585,-9.629,-13.204,-14.503,-10.985,-10.546,-14.559,-17.311,-20.314,-21.807,-22.41,-23.731,-22.882,-23.934,-23.318,-23.001,-25.883,-24.528,-23.168,-18.265,-22.258,-25.227,-26.449,-26.853,-28.368,-28.079,-30.173,-32.595,-33.284,-33.33,-33.733,-33.435,-33.513,-35.611,-37.279,-38.426,-40.071,-43.699,-42.929,-42.75,-41.357,-40.163,-37.066,-35.892,-34.334
0.0,-3.066,1.715,-1.433,-0.761,1.116,-2.181,2.487,-1.417,-1.196,-1.216,-6.939,-6.059,-6.064,-8.687,-13.642,-15.051,-13.596,-14.708,-15.984,-16.704,-17.698,-18.992,-20.199,-22.093,-21.627,-22.013,-20.473,-20.392,-25.665,-21.779,-22.836,-22.365,-21.836,-22.203,-23.393,-23.743,-24.571,-26.826,-26.778,-25.279,-25.561,-25.408,-28.496,-28.979,-30.167,-29.617,-27.063,-24.132,-24.524,-26.083,-26.596,-25.571,-24.578,-24.451,-23.098,-21.734,-18.787,-16.035,-17.648
0.0,-3.304,-9.71,-10.759,-11.842,-11.717,-10.62,-8.238,-8.39,-7.437,-7.309,-10.365,-10.672,-10.059,-10.427,-11.431,-12.319,-11.95,-9.558,-8.858,-8.22,-6.809,-5.335,-4.584,-3.288,-1.421,0.336,0.688,2.59,3.054,5.63,6.318,8.147,9.855,10.327,10.403,10.103,12.343,11.388,11.772,10.863,11.89,12.806,12.329,11.406,9.8,10.598,10.92,9.452,9.414,7.996,8.002,10.067,10.058,9.716,10.889,9.812,10.286,6.674,7.52
0.0,3.065,4.587,5.404,5.92,4.072,2.747,1.528,1.166,1.183,-0.819,-3.659,-5.744,-8.828,-8.146,-10.429,-5.17,-4.714,-5.54,-3.49,-6.453,-9.295,-7.145,-5.046,-3.333,-2.444,-2.466,-1.179,-0.024,-3.623,-5.126,-2.426,-0.312,0.009,0.352,-0.05,-1.06,-3.605,-5.219,-7.396,-9.033,-11.848,-15.132,-20.82,-21.302,-16.104,-15.218,-16.019,-17.293,-17.604,-16.114,-15.498,-9.155,-8.285,-7.03,-6.64,-7.142,-5.75,-3.875,-2.124
0.0,3.075,5.721,7.172,6.434,6.527,6.934,7.984,6.006,2.625,1.878,2.621,-0.567,-2.302,-3.779,-3.733,-1.544,-2.986,-3.209,-3.424,-1.558,-0.366,2.642,5.236,11.092,16.05,20.354,24.303,28.984,35.161,40.705,48.169,53.267,56.35,58.214,58.988,61.103,59.946,60.518,62.146,62.384,63.884,62.675,62.177,64.279,62.565,61.296,60.027,58.426,55.887,52.865,48.925,46.903,49.121,48.237,47.222,48.203,49.094,46.879,46.269
0.0,12.482,28.273,31.458,27.347,5.024,7.973,6.629,0.449,-7.621,-14.703,-14.688,-15.591,-17.274,-30.558,-28.974,-26.56,-24.343,-23.157,-24.228,-22.397,-20.084,-18.898,-21.828,-22.98,-23.433,-23.569,-23.57,-24.152,-25.542,-28.614,-55.241,-56.38,-51.574,-49.782,-47.099,-43.328,-42.124,-42.9,-51.634,-53.059,-56.628,-59.031,-59.547,-58.651,-56.939,-56.76,-58.817,-65.308,-65.774,-66.541,-68.581,-73.426,-78.79,-80.052,-80.827,-81.922,-87.736,-93.112,-94.647
0.0,-2.49,-4.188,-6.141,-6.99,-8.546,-14.138,-9.785,-9.607,-10.04,-9.85,-6.167,-5.551,-5.17,-3.704,-2.85,-2.619,-1.798,-4.074,-3.243,-4.001,-5.828,-6.161,-6.431,-5.685,-6.436,-8.954,-9.326,-11.098,-13.85,-21.743,-21.865,-21.016,-19.661,-20.056,-21.953,-21.898,-20.909,-22.489,-23.425,-24.917,-27.406,-29.543,-31.214,-30.612,-23.426,-25.874,-29.251,-30.053,-28.635,-28.459,-26.987,-23.388,-24.455,-24.222,-22.472,-19.781,-18.435,-15.244,-14.579
0.0,1.601,5.072,6.693,7.686,9.448,10.662,12.427,12.019,10.284,11.124,12.023,10.73,12.55,8.367,7.916,6.425,4.792,4.196,5.216,5.784,4.471,-0.25,0.246,3.622,6.062,7.822,4.317,-0.967,-1.569,-3.09,-4.178,-8.097,-7.214,-5.707,-5.064,-4.261,-3.996,-0.967,-0.157,-1.258,-0.422,0.745,1.109,4.073,9.134,19.246,23.494,22.386,27.171,24.719,21.399,19.686,25.904,16.699,4.286,2.947,1.13,1.015,0.503
0.0,0.603,0.801,2.879,4.128,4.934,5.987,5.897,6.419,6.331,7.733,8.586,7.644,8.64,9.841,11.858,13.062,12.582,15.183,16.352,16.393,18.058,19.057,18.665,18.806,17.812,17.501,17.442,17.474,18.011,19.973,21.621,21.033,21.704,24.274,24.753,26.349,25.714,26.34,27.919,27.427,27.49,29.303,29.455,30.479,31.418,32.101,32.655,30.425,31.642,32.66,34.645,36.928,42.571,42.563,42.482,43.742,42.835,43.869,44.4
0.0,13.236,13.353,10.382,8.211,8.189,9.118,10.342,12.301,13.053,15.334,15.358,16.152,15.521,16.249,17.741,17.202,15.636,13.632,6.846,-0.074,-8.373,-12.897,-15.155,-13.575,-11.439,-11.206,-11.054,-12.885,-15.999,-17.271,-20.266,-22.571,-25.724,-27.439,-28.646,-29.391,-29.345,-30.641,-30.269,-29.777,-26.309,-24.959,-24.647,-25.648,-27.776,-26.743,-24.362,-19.755,-15.589,-15.67,-16.166,-14.372,-13.922,-10.726,-9.867,-10.065,-9.602,-7.575,-12.83
0.0,0.422,0.693,0.021,-1.965,-3.534,-3.726,-4.345,-4.951,-5.44,-5.834,-7.393,-8.282,-9.455,-11.08,-11.578,-12.283,-12.376,-12.392,-12.515,-12.938,-13.353,-12.9,-11.171,-8.316,-7.301,-5.263,3.675,10.47,10.209,11.157,10.619,12.108,8.977,6.009,2.099,-0.416,-1.008,-1.948,-2.656,-3.672,-2.126,0.617,1.601,2.321,2.822,3.584,4.39,4.582,3.898,3.627,3.156,2.719,1.764,0.398,0.367,-0.602,-0.319,1.065,2.049
0.0,2.578,5.933,6.783,6.386,7.459,8.333,9.878,8.011,8.869,8.8,12.979,13.962,13.792,14.618,13.31,8.185,-1.495,-4.09,-2.385,-1.58,0.043,0.766,-0.355,-0.388,-2.644,-5.512,-5.891,-4.735,-5.347,-10.631,-21.944,-19.835,-15.815,-14.458,-11.474,-11.897,-15.498,-17.218,-14.861,-13.626,-9.868,-7.571,-7.177,-7.232,-6.854,-5.857,-5.245,-1.437,5.248,7.9,7.095,6.137,5.041,3.952,3.906,4.189,5.413,8.37,10.611
0.0,-0.081,-0.071,-0.079,-0.016,-0.111,-0.033,-0.055,-0.112,0.072,0.067,0.114,0.163,-0.008,0.003,0.085,0.119,0.081,0.16,0.059,0.118,0.084,0.086,0.104,0.213,0.133,0.104,0.147,0.189,0.217,0.275,0.242,0.184,0.137,0.329,0.254,0.249,0.227,0.217,0.216,0.275,0.228,0.257,0.165,0.226,0.147,0.246,0.24,0.179,0.273,0.365,0.277,0.213,0.381,0.382,0.282,0.17,0.377,0.358,0.3
0.0,1.65,3.486,6.846,11.525,15.198,14.197,16.299,15.913,18.16,21.136,23.333,22.138,21.849,21.078,19.79,17.892,18.465,17.722,16.77,17.883,17.5,14.724,10.011,9.715,7.343,9.203,6.059,1.615,-0.121,-4.719,-7.033,-8.225,-11.631,-11.523,-12.183,-13.916,-15.406,-16.236,-23.061,-24.404,-23.09,-20.246,-15.631,-15.321,-15.925,-15.979,-14.607,-14.884,-14.552,-15.617,-16.57,-16.619,-10.704,-4.373,-6.292,-10.322,-13.948,-11.113,-9.734
0.0,2.396,5.854,1.385,-4.833,-22.469,-22.037,-21.591,-20.172,-17.964,-16.34,-17.377,-16.513,-20.31,-21.007,-20.005,-21.368,-23.312,-26.493,-29.667,-34.09,-39.872,-42.97,-45.17,-39.898,-24.855,-24.497,-24.792,-25.512,-25.48,-26.343,-28.274,-26.927,-24.927,-28.145,-25.227,-26.488,-23.537,-22.071,-28.811,-29.504,-26.498,-17.999,-19.243,-23.357,-21.959,-24.907,-36.281,-29.865,-17.437,-13.987,-16.862,-30.736,-33.979,-32.515,-33.642,-35.741,-36.675,-38.116,-36.806
0.0,0.375,0.003,0.426,-0.833,-2.233,-2.009,-1.952,-2.196,26.024,24.172,0.435,2.552,2.904,3.341,2.442,-0.38,-0.946,-0.419,-2.212,0.55,3.009,4.976,3.737,7.353,5.869,5.991,6.305,6.491,6.135,6.67,6.808,8.416,7.508,6.373,5.72,6.856,8.135,9.337,11.631,15.551,15.162,15.078,15.846,15.661,16.19,16.429,17.535,18.051,17.088,19.133,22.409,22.425,28.162,29.225,30.678,28.158,27.895,34.399,37.103
0.0,-3.024,-3.871,-4.034,-4.069,-4.072,-3.516,-0.394,5.042,3.564,0.094,-2.351,-4.023,-5.753,-9.836,-9.358,-10.843,-8.122,-0.267,5.022,8.71,13.034,14.15,14.999,16.133,16.763,18.807,20.509,20.657,19.003,20.688,18.809,19.732,19.38,18.321,19.682,23.039,25.289,26.28,24.38,23.283,26.413,25.932,26.595,25.535,24.567,23.4,21.153,21.643,22.072,13.728,3.395,1.078,-2.716,-14.146,-17.087,-19.292,-22.968,-28.85,-31.79
0.0,6.374,7.89,8.393,8.903,9.209,8.667,12.513,13.27,12.255,11.987,10.967,11.266,15.552,17.562,19.421,21.146,21.872,25.052,25.891,25.921,24.054,22.946,22.706,22.837,25.985,27.875,29.115,27.452,27.549,31.257,33.624,34.48,34.803,38.205,39.642,39.676,40.428,42.457,44.623,44.775,46.55,46.736,47.412,51.682,52.897,53.528,53.356,53.148,52.077,51.995,52.201,52.663,52.418,54.15,55.572,57.341,57.653,59.514,60.607
0.0,-2.599,-6.144,-9.909,-14.875,-19.584,-25.156,-29.342,-33.449,-35.881,-37.523,-40.096,-43.392,-46.68,-50.081,-53.943,-57.833,-60.64,-63.192,-66.374,-71.947,-74.969,-77.276,-78.727,-84.425,-89.72,-92.607,-94.095,-94.273,-94.68,-96.861,-97.974,-99.914,-103.267,-106.075,-108.583,-110.133,-111.144,-111.709,-113.222,-113.635,-114.187,-113.445,-112.719,-111.402,-111.019,-109.713,-108.279,-108.159,-106.268,-105.336,-106.528,-107.641,-108.512,-108.137,-108.432,-110.349,-111.709,-112.467,-113.724
0.0,4.24,4.721,0.906,0.697,1.084,1.97,1.902,0.684,-2.473,-4.102,-2.069,-2.502,-3.033,-1.256,-1.053,0.65,-0.583,-2.394,-3.836,-8.581,-9.224,-6.23,-6.22,-8.068,-0.849,0.69,-1.902,-3.638,-4.441,-3.234,-2.585,-2.182,-1.418,0.3,3.601,3.618,1.108,-1.781,-4.664,-1.936,-0.287,-0.313,1.117,1.029,2.185,3.326,2.462,1.241,1.72,-1.336,-1.183,0.271,-2.263,-2.293,-0.442,0.253,-0.539,0.425,2.671
0.0,2.795,6.896,13.062,11.859,10.855,27.995,26.977,29.813,33.09,33.731,35.313,35.539,34.742,32.79,30.301,30.249,30.709,31.732,32.761,33.863,35.181,35.911,34.603,33.481,35.059,34.67,36.323,39.397,40.833,45.878,48.253,50.561,54.548,57.455,59.727,60.054,58.823,60.013,59.028,59.482,58.876,55.176,52.401,56.434,65.509,69.558,68.236,67.895,69.665,70.156,68.361,69.347,69.651,68.919,70.36,69.008,68.438,70.919,72.006
0.0,-4.194,0.091,-0.02,5.079,3.524,4.7,1.831,0.92,-0.091,-0.923,-1.16,1.746,1.868,-2.619,-10.077,-9.104,-10.19,-9.247,-9.071,-9.34,-9.83,-9.253,-8.756,-13.978,-12.93,-13.412,-15.048,-14.961,-15.08,-14.445,-13.715,-12.66,-12.078,-14.754,-14.831,-14.083,-21.976,-22.804,-22.449,-17.202,-15.576,-15.69,-15.544,-9.458,-8.75,-11.432,-12.798,-15.071,-12.355,-8.834,-6.005,2.002,1.397,2.935,2.43,3.593,7.987,7.695,7.492
0.0,0.946,-0.555,-0.547,-0.196,-1.911,-4.192,-4.018,-7.201,-4.964,-5.063,-8.695,-14.208,-13.431,-15.574,-19.985,-22.161,-22.851,-21.002,-20.436,-18.817,-21.453,-26.784,-30.228,-35.069,-37.793,-40.064,-42.916,-46.997,-47.476,-50.886,-56.475,-63.83,-65.848,-67.246,-66.632,-70.269,-72.852,-73.075,-73.2,-73.374,-74.234,-73.688,-71.823,-71.748,-72.65,-75.147,-78.836,-84.349,-85.527,-85.629,-85.601,-83.921,-88.26,-90.533,-91.64,-92.038,-91.654,-94.804,-89.745
0.0,0.138,0.048,1.095,0.828,0.603,0.832,1.431,2.823,4.303,5.031,5.327,5.45,5.49,4.689,3.621,3.401,2.539,0.154,-0.155,-1.375,-4.032,-5.302,-6.001,-7.388,-2.65,-3.656,-4.918,-5.697,-6.873,-7.376,-8.29,-7.08,-3.44,-5.104,-4.425,-3.381,-4.514,-5.872,-4.732,-5.74,-8.41,-9.187,-9.211,-12.503,-13.797,-14.177,-15.233,-15.559,-15.422,-14.781,-16.468,-16.405,-16.698,-16.335,-16.65,-17.088,-18.16,-19.105,-20.048
0.0,-0.824,1.091,0.36,2.818,5.636,6.82,8.367,6.985,4.578,1.919,1.017,-2.12,-1.094,-2.926,-3.023,-4.829,-6.084,-6.758,-8.304,-9.056,-9.382,-9.735,-10.207,-8.944,-7.804,-8.025,-8.417,-8.161,-8.546,-9.889,-10.492,-14.492,-15.891,-16.961,-19.171,-19.889,-20.224,-18.371,-18.251,-17.204,-16.953,-18.614,-18.311,-17.736,-17.542,-16.148,-13.531,-12.505,-12.708,-10.874,-12.008,-10.47,-9.526,-11.763,-11.77,-11.06,-9.843,-8.985,-10.618
0.0,0.208,0.912,1.304,1.514,1.994,2.163,2.659,2.934,3.254,4.077,5.742,7.065,7.834,8.055,8.283,8.818,9.519,9.967,9.824,10.13,10.261,10.596,11.27,11.537,11.994,12.02,12.257,12.746,13.007,13.239,13.408,13.724,14.356,14.763,15.042,15.061,15.034,14.7,14.903,14.115,12.289,10.362,7.848,5.254,2.929,2.043,0.754,0.255,-0.388,-1.087,-1.479,-1.7,-1.582,-1.405,-1.214,-1.763,-1.571,-2.111,-2.918
0.0,-0.054,0.175,-0.423,-1.728,-1.919,-2.2,-2.636,-2.552,-3.103,-3.067,-3.301,-3.456,-3.769,-3.598,-4.085,-3.686,-3.862,-6.438,-6.472,-6.526,-5.706,-5.93,-7.186,-9.147,-10.07,-10.907,-11.838,-12.377,-13.696,-13.847,-14.089,-14.29,-13.891,-12.404,-12.587,-12.78,-12.804,-13.009,-13.294,-13.56,-13.599,-12.776,-12.932,-12.996,-12.768,-13.145,-13.413,-12.381,-11.423,-11.085,-10.234,-10.622,-11.214,-11.878,-16.676,-24.092,-26.22,-25.664,-27.628
0.0,0.467,1.97,2.779,4.366,5.274,4.856,5.878,6.006,6.708,6.311,5.717,5.078,5.108,6.704,7.012,6.091,7.185,7.235,6.494,6.91,8.315,8.075,8.495,9.697,8.637,7.79,6.789,7.056,6.619,7.367,11.037,13.494,15.917,17.564,20.754,19.968,19.289,18.153,15.032,15.538,13.956,12.279,11.158,9.055,8.148,6.932,6.919,7.667,5.891,3.996,3.275,3.146,2.995,3.281,2.881,2.257,2.303,2.332,2.281
0.0,1.24,4.919,9.278,10.434,11.884,11.9,11.328,12.727,11.573,10.483,9.258,8.448,7.744,6.689,5.402,5.203,6.541,8.495,8.356,7.922,7.528,7.235,6.287,6.204,4.596,4.953,2.112,6.7,6.111,7.496,8.4,9.313,9.206,10.602,14.813,15.94,15.277,16.132,15.621,18.044,15.583,13.443,10.132,7.503,7.512,5.724,5.477,5.329,4.498,4.153,3.924,2.198,-0.257,-1.716,-3.236,-4.461,-5.543,-7.03,-8.467
0.0,0.778,0.641,-0.976,-0.953,1.702,0.056,0.716,1.184,0.79,0.632,0.294,-0.52,-2.401,-4.136,-5.214,-6.254,-6.769,-5.58,-10.601,-8.034,-5.381,-6.292,-7.644,-7.342,-5.943,-5.901,-6.473,-5.785,-5.502,-9.236,-8.367,-6.697,-7.783,-7.975,-7.044,-4.415,0.304,1.767,0.707,0.345,0.393,-0.025,0.19,0.822,2.589,2.777,2.143,5.443,4.507,3.354,3.579,4.504,5.685,6.977,7.266,9.145,9.701,10.45,11.695
0.0,10.559,12.521,10.964,6.894,4.604,5.13,2.622,2.434,1.088,0.242,0.278,-0.791,0.976,0.326,1.337,3.412,2.419,4.283,3.738,-0.9,-13.231,-14.138,-9.4,-8.727,-6.571,-4.242,-2.085,0.301,0.392,2.462,2.016,2.849,3.287,7.623,10.751,15.673,22.339,27.279,27.838,27.789,27.177,25.269,23.256,22.177,21.374,11.504,12.971,13.762,15.32,15.865,16.996,18.498,18.226,19.576,18.956,17.861,15.254,13.368,14.169
0.0,-1.448,-0.92,0.628,0.279,-1.652,-2.114,-1.471,-0.012,0.819,-0.17,-1.279,-0.658,-1.024,-1.071,-1.059,-14.28,-0.858,-2.423,-2.692,-2.814,-2.957,-3.543,-4.63,-5.363,-6.099,-5.779,-4.254,-3.542,-3.666,-2.273,-3.304,-1.639,-0.721,0.93,3.503,5.677,6.468,7.159,8.164,10.219,13.783,13.213,11.373,9.083,6.95,6.11,5.543,5.191,3.905,1.986,0.334,-0.307,0.145,-0.646,-2.357,-1.888,-2.112,-11.112,-9.664
0.0,2.348,2.463,3.662,-0.145,-2.393,-4.86,-6.519,-7.727,-12.233,-13.121,-18.856,-24.314,-26.706,-29.71,-35.139,-38.528,-44.696,-55.432,-65.468,-74.869,-79.26,-82.223,-84.497,-88.575,-89.194,-88.038,-88.024,-86.913,-88.341,-89.678,-93.34,-98.021,-102.923,-107.295,-109.895,-108.476,-109.729,-108.702,-108.947,-109.391,-109.85,-108.87,-109.572,-110.298,-109.981,-111.078,-110.145,-108.085,-111.952,-115.901,-116.249,-115.878,-114.616,-113.842,-113.531,-111.571,-109.594,-108.51,-109.382
0.0,1.123,3.269,4.337,3.995,2.986,6.043,5.07,3.567,2.803,4.871,6.817,6.857,9.503,11.053,10.439,7.718,4.865,3.457,2.379,0.167,-1.734,-2.45,-2.61,-2.152,0.387,1.059,0.944,-0.618,-0.656,2.406,9.75,13.222,16.344,21.24,25.329,28.778,29.647,27.574,24.542,20.875,15.982,13.098,11.796,10.671,10.325,10.652,12.758,13.737,14.675,15.905,16.706,17.339,17.115,16.297,11.439,8.496,3.27,5.101,6.877
0.0,4.108,9.514,21.377,21.171,22.881,25.62,25.692,23.881,21.922,20.917,19.378,17.011,20.279,19.559,19.138,17.723,13.555,9.581,2.508,-0.552,-6.909,-11.868,-9.355,-9.95,-7.874,-5.588,-5.77,-6.989,-4.318,-4.656,-5.142,-3.646,-3.494,-5.542,-1.55,-2.016,-0.305,-1.509,-1.374,1.016,3.418,5.565,9.173,12.141,13.429,27.392,30.393,34.045,35.017,34.799,33.833,33.008,31.79,31.1,29.822,30.989,30.652,25.73,24.147
0.0,3.604,8.622,5.484,3.55,5.421,15.026,13.144,8.791,3.938,1.519,-4.806,-2.406,5.542,8.762,10.939,13.941,14.58,15.095,26.108,24.217,23.184,23.88,23.409,20.185,22.04,20.375,19.344,18.527,17.499,17.336,20.284,20.991,21.878,26.203,28.192,29.585,25.16,23.79,22.972,25.156,25.933,27.064,27.068,28.76,19.251,16.758,17.081,18.155,19.936,19.311,18.151,18.406,18.024,16.885,19.36,33.108,32.589,31.947,30.126
0.0,-6.388,-10.978,-16.873,-16.106,-16.216,-14.716,-12.921,-13.19,-12.503,-10.791,-10.346,-11.221,-12.274,-13.34,-13.932,-12.827,-11.933,-11.304,-11.204,-11.343,-10.888,-11.293,-12.64,-15.484,-18.704,-19.234,-18.34,-16.456,-14.226,-15.064,-17.072,-21.004,-21.346,-23.069,-23.984,-20.814,-6.821,-4.943,-5.556,-6.755,-9.536,-5.753,-1.271,8.273,12.489,11.574,10.564,10.69,11.194,13.507,14.301,15.256,17.548,17.16,22.198,25.52,26.632,26.465,27.395
0.0,0.82,1.126,0.002,1.968,-0.172,2.286,0.799,-2.176,-1.665,-1.25,-1.352,0.438,0.852,1.765,2.762,2.874,3.1,8.061,9.95,6.785,7.245,8.901,9.892,6.682,4.293,2.135,1.44,2.807,0.723,-5.977,-9.574,-11.348,-12.945,-22.889,-34.975,-35.479,-34.734,-35.055,-35.631,-37.988,-36.46,-38.535,-39.689,-41.196,-42.509,-44.82,-45.328,-46.134,-43.859,-46.235,-48.289,-49.759,-50.399,-50.459,-47.132,-46.642,-44.78,-43.521,-44.39
0.0,-0.05,1.205,3.435,5.974,9.251,13.983,18.249,21.114,20.224,17.556,16.822,16.262,18.71,18.191,18.698,19.357,19.216,19.553,20.482,20.636,21.098,22.7,23.57,27.951,28.949,26.712,26.863,26.699,26.192,25.008,25.148,27.088,27.386,27.385,27.1,26.97,28.124,29.212,30.3,31.096,34.196,35.281,36.996,38.768,41.718,48.266,48.758,51.626,49.546,48.651,49.805,46.781,48.723,50.458,49.314,45.821,47.965,50.854,53.197
0.0,1.502,2.235,-1.158,-1.429,-1.866,-3.547,-5.039,-6.621,-8.934,-10.973,-8.598,-8.163,-6.158,-5.422,-4.524,-1.342,0.882,4.124,5.862,7.33,6.603,10.009,12.115,13.828,13.057,12.697,11.214,9.604,9.298,8.037,5.112,3.021,3.638,3.441,0.374,-3.993,-3.944,-4.379,-5.053,-7.446,-8.966,-8.799,-9.025,-6.802,0.884,7.97,17.662,29.673,37.275,37.51,35.485,36.739,40.254,43.768,45.603,44.884,48.676,48.982,47.994
0.0,-0.243,-0.368,-1.036,-2.374,-3.163,-4.584,-3.827,-1.706,-1.818,-2.505,-3.458,-3.36,-2.45,-2.613,-2.258,-1.096,-1.123,-2.468,-5.661,-12.45,-13.239,-13.867,-17.941,-21.307,-18.854,-19.0,-22.471,-20.56,-21.926,-21.285,-20.198,-18.478,-19.835,-20.656,-20.693,-21.583,-22.765,-21.624,-20.889,-21.77,-22.596,-21.688,-20.051,-17.728,-14.018,-8.754,-2.001,-3.299,7.146,10.253,18.718,22.158,23.563,24.839,28.408,28.635,28.164,27.941,29.905
0.0,-0.069,-0.023,0.056,-0.215,0.025,0.018,0.066,0.101,0.056,-0.005,-0.047,-0.007,0.121,0.152,-0.018,-0.099,-0.064,0.017,-0.148,0.056,-0.127,-0.004,-0.001,-0.057,-0.003,-0.029,-0.085,-0.113,-0.091,0.002,-0.114,-0.059,0.02,0.096,0.07,0.037,-0.157,0.035,-0.091,0.088,0.146,0.1,0.032,0.081,-0.081,0.063,0.014,-0.03,0.01,-0.045,0.092,0.06,0.027,0.12,0.086,0.143,-0.062,0.131,0.027
0.0,-0.071,0.601,-0.733,-1.947,-0.22,-1.271,-0.936,-2.294,-4.288,-4.928,-4.392,-0.826,0.793,-2.813,-5.293,-8.231,-11.152,-13.395,-14.506,-16.682,-17.734,-17.173,-18.753,-20.537,-20.837,-21.778,-21.678,-21.194,-20.962,-22.083,-20.822,-19.322,-19.05,-18.673,-16.959,-14.786,-11.729,-8.419,-6.544,-4.994,-3.425,-2.003,0.353,1.984,3.842,3.926,5.642,5.929,3.65,3.234,5.647,5.672,5.171,3.333,3.866,5.934,5.7,5.708,4.858
0.0,0.212,0.326,0.034,-0.491,-2.077,-3.829,-5.573,-6.911,-8.47,-8.613,-8.513,-8.676,-8.789,-8.621,-7.934,-7.439,-6.645,-6.498,-8.373,-9.076,-9.696,-9.349,-9.821,-10.619,-12.669,-14.58,-16.889,-18.213,-18.941,-19.797,-20.977,-22.003,-22.914,-23.786,-24.272,-24.764,-24.974,-24.523,-24.441,-24.104,-23.226,-22.647,-21.607,-20.702,-19.676,-16.304,-12.24,-9.732,-7.841,-6.919,-5.01,-1.838,-0.168,0.101,3.028,4.491,7.013,10.733,12.75
0.0,0.0,1.471,3.676,2.941,3.676,3.676,10.293,8.087,8.823,9.558,11.763,11.763,10.293,11.028,11.763,11.763,12.499,12.499,11.763,11.763,11.028,10.293,9.558,8.823,11.763,13.234,11.028,-5.881,-7.351,-6.616,-8.822,-6.616,-5.146,-4.411,0.0,3.5,3.591,4.492,4.046,5.401,5.665,5.942,7.601,4.312,-0.765,1.193,4.379,7.799,13.341,22.159,21.324,22.218,22.056,27.937,32.348,33.084,32.348,33.084,38.23
0.0,0.0,0.0,2.94,9.557,18.379,13.968,15.439,17.644,18.379,16.174,9.417,5.889,9.652,7.817,6.935,7.428,9.305,10.885,9.071,9.289,9.804,11.451,11.785,11.808,9.797,5.626,4.524,6.551,5.864,7.996,9.599,13.564,16.341,18.355,19.187,29.084,28.436,24.605,23.257,21.509,19.703,16.84,13.857,-2.084,-0.59,4.61,19.456,31.937,33.381,33.318,31.983,30.86,29.574,32.124,32.528,35.544,37.433,39.037,40.163
0.0,-2.687,-3.347,-4.288,-5.876,-6.504,-4.164,1.686,8.241,11.311,13.144,12.827,13.432,15.821,15.858,16.53,18.866,20.965,23.123,26.869,25.608,27.276,26.691,23.148,21.905,23.12,24.025,27.332,30.775,33.615,37.78,43.386,46.163,50.543,52.562,55.037,57.214,60.527,65.747,67.621,69.294,72.028,74.899,78.777,81.026,85.251,86.491,87.47,90.093,94.041,98.471,102.146,104.518,106.035,107.694,108.632,108.895,107.888,105.679,103.579
